locus,allele,mean_HED,median_HED,min_HED,max_HED,n_partners,mean_HED_181scope,chowell_direction
A,A*24:25,9.984909100116473,11.565934065934066,1.065934065934066,14.82967032967033,217,10.040074343763525,
A,A*23:05,9.910821896997012,11.192307692307692,1.065934065934066,14.31868131868132,217,9.965577819079869,
A,A*24:14,9.65047855370436,11.038461538461538,1.6703296703296704,14.285714285714286,217,9.70379611477455,
A,A*24:95,9.617359598926416,11.186813186813186,0.6868131868131868,14.45054945054945,217,9.6704941823459,
A,A*24:81,9.55172937661417,11.12087912087912,0.6208791208791209,14.384615384615385,217,9.604501362120326,
A,A*24:35,9.48609915430192,11.054945054945055,0.554945054945055,14.31868131868132,217,9.538508541894746,
A,A*24:47,9.469691598723857,11.038461538461538,0.5384615384615384,14.302197802197803,217,9.522010336838354,
A,A*24:37,9.46900795057477,11.038461538461538,0.5384615384615384,14.302197802197803,217,9.52132291162767,
A,A*24:58,9.4597660404112,11.032967032967033,0.5384615384615384,14.302197802197803,217,9.512029941186952,
A,A*24:56,9.291335392717881,10.868131868131869,0.6648351648351648,13.098901098901099,217,9.34266873742903,
A,A*24:72,9.283739302172483,10.851648351648352,0.3516483516483517,14.115384615384615,217,9.335030679532549,
A,A*25:02,9.16665822656606,9.258241758241759,0.13186813186813187,14.137362637362637,217,9.217302747154823,
A,A*24:32,9.153694232035246,10.736263736263735,0.25274725274725274,13.994505494505495,217,9.204267128344833,
A,A*24:30,9.150200030384362,10.565934065934066,0.44505494505494503,14.208791208791208,217,9.200753621712453,
A,A*25:01,9.108573454195573,9.252747252747254,0.13186813186813187,14.005494505494505,217,9.15889706443975,
A,A*24:26,9.09231782042842,10.659340659340659,0.15934065934065933,13.923076923076923,217,9.142551620541283,
A,A*24:20,9.062541145490453,10.626373626373626,0.13186813186813187,13.895604395604396,217,9.112610433587086,
A,A*24:31,9.052286423254166,10.642857142857142,0.15934065934065933,13.785714285714286,217,9.102299055426839,
A,A*23:06,9.018230617308957,10.285714285714286,0.15934065934065933,13.412087912087912,217,9.068055095857627,
A,A*23:15,9.018230617308957,10.285714285714286,0.15934065934065933,13.412087912087912,217,9.068055095857627,
A,A*24:05,9.009520433483567,10.576923076923077,0.29120879120879123,13.472527472527473,217,9.059296789469665,
A,A*24:07,8.991796222210969,10.54945054945055,0.13186813186813187,13.752747252747254,217,9.041474654377879,
A,A*24:02,8.933711449840482,10.5,0.12087912087912088,13.763736263736265,217,8.983068971662805,
A,A*23:13,8.91770901909151,10.142857142857142,0.13186813186813187,13.241758241758241,217,8.966978129694223,
A,A*24:17,8.908973514964298,10.0,1.0384615384615385,13.164835164835164,217,8.958194363113272,
A,A*01:02,8.864865549197347,8.714285714285714,1.456043956043956,14.516483516483516,217,8.913842706927719,
A,A*23:01,8.85962424672102,10.126373626373626,0.0,13.252747252747254,217,8.908572446979148,
A,A*23:17,8.85962424672102,10.126373626373626,0.0,13.252747252747254,217,8.908572446979148,
A,A*24:53,8.856687091710134,10.37912087912088,0.027472527472527472,13.642857142857142,217,8.905619064592509,
A,A*23:03,8.854864029979238,10.340659340659341,0.5164835164835165,12.93956043956044,217,8.903785930697357,
A,A*24:57,8.842710285106598,10.357142857142858,0.027472527472527472,13.615384615384615,217,8.891565038062987,
A,A*24:06,8.803058692459615,10.219780219780219,0.33516483516483514,13.04945054945055,217,8.851694375843369,
A,A*24:08,8.77882716361979,9.945054945054945,0.6703296703296703,13.598901098901099,217,8.827328971153602,
A,A*24:13,8.703043500278524,10.010989010989011,0.33516483516483514,13.384615384615385,217,8.75112661353973,
A,A*24:29,8.490606168025524,9.813186813186814,0.6703296703296703,13.076923076923077,217,8.537515594368205,
A,A*24:10,8.423963133640553,9.637362637362637,0.3901098901098901,12.126373626373626,217,8.470504366423098,
A,A*24:22,8.37646224742999,9.406593406593407,1.065934065934066,12.252747252747254,217,8.422741044377116,
A,A*02:87,8.367068415455513,8.340659340659341,3.8736263736263736,14.516483516483516,217,8.41329531277847,
A,A*24:23,8.332101078644857,9.587912087912088,0.24725274725274726,12.752747252747254,217,8.37813478626168,
A,A*02:18,8.225629209500177,9.307692307692308,0.521978021978022,14.137362637362637,217,8.271074674746034,
A,A*24:03,8.186256140173192,9.340659340659341,0.0,12.505494505494505,217,8.231484074649286,
A,A*24:33,8.18625614017319,9.340659340659341,0.0,12.505494505494505,217,8.231484074649286,
A,A*01:09,8.179748822605966,8.417582417582418,0.12087912087912088,13.18131868131868,217,8.224940805051302,
A,A*80:01,8.169088975540587,7.565934065934066,3.467032967032967,12.714285714285714,217,8.214222063803243,
A,A*01:17,8.117511520737326,8.258241758241759,0.13186813186813187,13.192307692307692,217,8.162359650686152,
A,A*23:04,8.11216893705373,8.917582417582418,1.0714285714285714,12.714285714285714,217,8.156987549965628,
A,A*01:25,8.08484833139211,8.357142857142858,0.23626373626373626,13.12087912087912,217,8.129516001731293,
A,A*01:01,8.05942674836684,8.296703296703297,0.054945054945054944,13.06043956043956,217,8.103953967971076,
A,A*01:03,8.036511875221553,8.32967032967033,0.054945054945054944,13.027472527472527,217,8.0809124933167,
A,A*32:07,7.88884387501899,7.741758241758242,0.8516483516483516,13.082417582417582,217,7.93242864780915,
A,A*30:07,7.8771458955790745,8.351648351648352,1.3626373626373627,10.884615384615385,217,7.920666038648573,
A,A*31:08,7.838583075910265,8.307692307692308,1.9945054945054945,12.26923076923077,217,7.881890164727449,
A,A*32:08,7.8312148680812275,7.791208791208791,0.44505494505494503,11.785714285714286,217,7.874481248567864,
A,A*32:04,7.806198409885045,7.631868131868132,2.021978021978022,11.81868131868132,217,7.849326577895461,
A,A*32:02,7.764622474299894,7.461538461538462,0.6208791208791209,12.285714285714286,217,7.8075209410087325,
A,A*02:38,7.745429685521852,8.04945054945055,0.7087912087912088,13.489010989010989,217,7.788222114723629,
A,A*30:10,7.741429077834606,7.945054945054945,0.45604395604395603,11.813186813186814,217,7.784199404231483,
A,A*02:07,7.706056616194865,8.785714285714286,0.521978021978022,13.615384615384615,217,7.748631514626881,
A,A*32:01,7.614726287537347,7.406593406593407,0.15934065934065933,12.23076923076923,217,7.656796598518217,
A,A*02:123,7.5953056160429435,8.626373626373626,0.989010989010989,13.538461538461538,217,7.6372686304962185,
A,A*02:96,7.543652200334228,8.593406593406593,0.8736263736263736,13.423076923076923,217,7.585329836800162,
A,A*32:06,7.5339545247379345,7.285714285714286,0.15934065934065933,12.071428571428571,217,7.575578582885659,
A,A*01:06,7.533321517192484,7.631868131868132,0.9120879120879121,12.148351648351648,217,7.5749420780609515,
A,A*66:04,7.482706233858308,6.9010989010989015,0.45604395604395603,14.82967032967033,217,7.524047152277414,
A,A*43:01,7.456221198156682,6.956043956043956,0.7912087912087912,14.428571428571429,217,7.497415790411691,
A,A*26:17,7.448042740669468,6.950549450549451,0.31868131868131866,14.357142857142858,217,7.489192148076483,
A,A*02:33,7.435813034891376,8.510989010989011,0.6153846153846154,13.340659340659341,217,7.476894874863151,
A,A*26:16,7.424444219375095,6.538461538461538,0.7912087912087912,13.247252747252746,217,7.465463248211421,
A,A*02:36,7.421507064364207,8.763736263736265,1.2582417582417582,13.807692307692308,217,7.462509865824782,
A,A*34:05,7.421101939535119,7.153846153846154,0.5439560439560439,14.010989010989011,217,7.462102502736972,
A,A*02:63,7.409403960095204,8.483516483516484,0.5,12.81868131868132,217,7.450339893576394,
A,A*02:19,7.399630323593457,8.23076923076923,1.2692307692307692,13.538461538461538,217,7.440512259082924,
A,A*32:03,7.394743505342584,7.175824175824176,0.25274725274725274,12.0,217,7.43559844183619,
A,A*30:16,7.377956145237251,7.6098901098901095,0.44505494505494503,12.68131868131868,217,7.418718333884972,
A,A*02:03,7.377069934673621,8.148351648351648,0.9835164835164835,12.813186813186814,217,7.417827227130381,
A,A*02:74,7.357699903782853,8.406593406593407,0.6868131868131868,13.236263736263735,217,7.398350179494361,
A,A*30:15,7.3352407960702894,7.730769230769231,0.17582417582417584,12.412087912087912,217,7.375766988313771,
A,A*36:04,7.311971438699549,7.1208791208791204,0.3901098901098901,13.648351648351648,217,7.3523690709575575,
A,A*30:02,7.301134349521446,7.5054945054945055,0.45604395604395603,11.357142857142858,217,7.341472108358582,
A,A*26:08,7.2639894667544445,6.928571428571429,0.7142857142857143,13.813186813186814,217,7.304122005244801,
A,A*02:13,7.262343647136273,8.18131868131868,0.5879120879120879,12.780219780219781,217,7.302467092700564,
A,A*26:15,7.2536587836127,6.758241758241758,0.12087912087912088,14.159340659340659,217,7.293734246505589,
A,A*26:31,7.240669468780068,6.818681318681318,0.5659340659340659,14.252747252747254,217,7.28067316750261,
A,A*26:07,7.197346432369474,7.043956043956044,0.978021978021978,13.532967032967033,217,7.237110777299692,
A,A*26:03,7.195574011242214,6.615384615384615,0.5769230769230769,14.686813186813186,217,7.235328563790513,
A,A*26:13,7.191421481744062,6.741758241758242,0.13186813186813187,14.17032967032967,217,7.231153092140438,
A,A*24:04,7.178457487213247,7.373626373626373,3.5384615384615383,13.357142857142858,217,7.218117473330448,
A,A*30:01,7.16146756469337,7.554945054945055,0.17582417582417584,12.236263736263735,217,7.201033683835324,
A,A*26:02,7.151921810907986,6.730769230769231,0.12637362637362637,13.945054945054945,217,7.191435191078749,
A,A*26:20,7.150326631893453,6.697802197802198,0.12087912087912088,14.098901098901099,217,7.189831198920488,
A,A*26:01,7.133336709373576,6.637362637362638,0.12087912087912088,14.038461538461538,217,7.172747409425364,
A,A*02:27,7.103078948701069,8.093406593406593,0.3516483516483517,12.851648351648352,217,7.142322478804389,
A,A*29:12,7.088924899984808,6.93956043956044,0.5384615384615384,12.648351648351648,217,7.12809023092395,
A,A*36:01,7.074264445232187,6.730769230769231,0.08241758241758242,13.258241758241759,217,7.113348779183746,
A,A*36:03,7.065326378690434,6.774725274725275,0.08241758241758242,13.175824175824175,217,7.104361331058889,
A,A*66:01,7.03717020306882,6.445054945054945,0.45604395604395603,14.373626373626374,217,7.076049596455942,
A,A*30:04,7.012989314832635,7.093406593406593,0.4945054945054945,10.763736263736265,217,7.0517351121521505,
A,A*01:12,7.010305362839926,6.972527472527473,1.445054945054945,11.675824175824175,217,7.049036331695394,
A,A*30:09,6.993745885450954,7.362637362637362,0.4945054945054945,10.82967032967033,217,7.03238536548107,
A,A*02:85,6.990530207120068,8.038461538461538,0.3516483516483517,12.60989010989011,217,7.029151920971562,
A,A*36:02,6.9741226515420065,6.626373626373627,0.5989010989010989,13.153846153846153,217,7.0126537159151665,
A,A*11:29,6.972223628905656,6.664835164835165,0.6208791208791209,13.642857142857142,217,7.010744201441046,
A,A*02:131,6.933331645313212,8.005494505494505,0.0,12.456043956043956,217,6.971637345011075,
A,A*02:16,6.933331645313212,8.005494505494505,0.0,12.456043956043956,217,6.971637345011075,
A,A*02:02,6.918392667240595,7.983516483516484,0.12087912087912088,12.31868131868132,217,6.956615831148,
A,A*02:12,6.904719704258875,8.06043956043956,0.23626373626373626,12.928571428571429,217,6.942867326934338,
A,A*02:05,6.901402744720716,7.906593406593407,0.12087912087912088,12.197802197802197,217,6.939532041652876,
A,A*26:09,6.895629715906213,6.252747252747253,0.3901098901098901,13.648351648351648,217,6.933727117651551,
A,A*26:14,6.887957664455359,6.318681318681318,0.31868131868131866,13.719780219780219,217,6.926012679176109,
A,A*34:01,6.879652605459056,6.6098901098901095,0.5439560439560439,13.467032967032967,217,6.917661735875959,
A,A*02:49,6.879298121233606,8.065934065934066,0.23626373626373626,12.76923076923077,217,6.917305293174124,
A,A*02:11,6.8708664607282115,7.5054945054945055,0.6208791208791209,12.593406593406593,217,6.908827048909031,
A,A*30:08,6.870360054691853,6.857142857142857,0.7912087912087912,13.027472527472527,217,6.9083178450492655,
A,A*31:20,6.8580797083101235,6.824175824175824,0.5439560439560439,12.67032967032967,217,6.895969651449959,
A,A*31:16,6.845191674684762,6.862637362637362,0.5384615384615384,12.664835164835164,217,6.8830104132189325,
A,A*02:08,6.82121334886312,7.549450549450549,0.5164835164835165,12.346153846153847,217,6.858899610459047,
A,A*02:30,6.802881450346888,7.851648351648351,0.13186813186813187,12.68131868131868,217,6.840466430735545,
A,A*02:14,6.801387552539626,7.730769230769231,0.33516483516483514,12.532967032967033,217,6.838964279349238,
A,A*11:30,6.798450397528739,6.489010989010989,0.44505494505494503,13.467032967032967,217,6.836010896962599,
A,A*02:21,6.782853091608851,7.752747252747253,0.12637362637362637,12.554945054945055,217,6.820327418081829,
A,A*02:60,6.7776624297361625,7.813186813186813,0.12087912087912088,12.642857142857142,217,6.815108078519236,
A,A*26:12,6.775712766496177,6.230769230769231,0.47802197802197804,13.373626373626374,217,6.813147643659138,
A,A*02:22,6.774066946878007,7.8791208791208796,0.33516483516483514,12.214285714285714,217,6.811492731114902,
A,A*30:03,6.748366840532738,6.818681318681318,0.6868131868131868,10.67032967032967,217,6.785650635231815,
A,A*02:64,6.742239327492784,7.302197802197802,0.7912087912087912,12.456043956043956,217,6.779489268528655,
A,A*02:34,6.732136527067402,7.71978021978022,0.13186813186813187,12.54945054945055,217,6.76933065152634,
A,A*31:18,6.693269863776776,6.835164835164835,0.554945054945055,11.802197802197803,217,6.730249255289355,
A,A*33:05,6.675368410391452,6.483516483516484,0.23626373626373626,12.5,217,6.712248898846653,
A,A*02:01,6.674051754696915,7.71978021978022,0.0,12.54945054945055,217,6.7109249688112635,
A,A*02:09,6.674051754696915,7.71978021978022,0.0,12.54945054945055,217,6.7109249688112635,
A,A*02:84,6.671241201195119,7.582417582417582,0.24175824175824176,12.384615384615385,217,6.708098887389566,
A,A*02:24,6.669291537955131,7.208791208791209,0.12087912087912088,12.18131868131868,217,6.706138452529471,
A,A*66:02,6.66313870461336,6.357142857142857,0.13186813186813187,13.648351648351648,217,6.6999516256333225,
A,A*11:02,6.661720767711551,6.351648351648351,0.3076923076923077,13.32967032967033,217,6.698525854825979,
A,A*02:06,6.657061832177041,7.626373626373627,0.12087912087912088,12.428571428571429,217,6.69384117931614,
A,A*02:137,6.652301615435254,7.148351648351649,0.12087912087912088,12.12087912087912,217,6.689054663034346,
A,A*31:09,6.644249759457132,6.6098901098901095,0.32967032967032966,12.456043956043956,217,6.680958321664077,
A,A*02:29,6.642705221046235,7.543956043956044,0.25274725274725274,12.285714285714286,217,6.679405249891793,
A,A*02:44,6.635185091406289,7.291208791208791,0.7692307692307693,12.159340659340659,217,6.671843572574281,
A,A*68:35,6.623411151060921,6.131868131868132,0.989010989010989,12.714285714285714,217,6.660004582834738,
A,A*26:18,6.611105484377374,5.813186813186813,0.47802197802197804,13.214285714285714,217,6.6476309290424425,
A,A*30:11,6.608700055704665,6.884615384615385,0.6868131868131868,11.54945054945055,217,6.645212210708557,
A,A*66:03,6.605053932242872,6.302197802197802,0.13186813186813187,13.516483516483516,217,6.641545942918247,
A,A*11:03,6.595482858155669,6.071428571428571,0.3956043956043956,13.175824175824175,217,6.631921989968683,
A,A*02:20,6.593862358839318,7.3076923076923075,0.25274725274725274,12.18131868131868,217,6.630292537617436,
A,A*02:58,6.591912695599331,7.587912087912088,0.17582417582417584,12.417582417582418,217,6.628332102757339,
A,A*11:10,6.583734238112118,6.038461538461538,0.46703296703296704,13.39010989010989,217,6.62010846042213,
A,A*31:13,6.56525041778498,6.571428571428571,0.24725274725274726,12.373626373626374,217,6.601522519540698,
A,A*29:01,6.562870309414088,6.4010989010989015,0.44505494505494503,12.10989010989011,217,6.599129261399802,
A,A*02:04,6.540107358079707,7.324175824175824,0.2967032967032967,13.04945054945055,217,6.576240547903352,
A,A*02:17,6.534992657112473,7.313186813186813,0.2967032967032967,13.038461538461538,217,6.5710975889197245,
A,A*31:12,6.519066187268953,6.263736263736264,0.521978021978022,12.192307692307692,217,6.555083127530107,
A,A*02:35,6.515647946523523,7.34065934065934,0.44505494505494503,12.104395604395604,217,6.551646001476691,
A,A*11:09,6.510102800425381,6.2032967032967035,0.15934065934065933,13.18131868131868,217,6.546070219212262,
A,A*11:05,6.499670836076366,6.104395604395604,0.3076923076923077,12.89010989010989,217,6.535580619701097,
A,A*31:11,6.494151010280042,6.5,0.17582417582417584,12.302197802197803,217,6.530030297629655,
A,A*11:08,6.489289512330988,5.967032967032967,0.3956043956043956,13.274725274725276,217,6.52514194057591,
A,A*02:86,6.480250164581962,7.230769230769231,0.489010989010989,12.06043956043956,217,6.5160526516791,
A,A*31:15,6.462298070593002,6.483516483516484,0.15934065934065933,12.285714285714286,217,6.498001374850421,
A,A*02:45,6.46194358636755,7.269230769230769,0.47802197802197804,12.098901098901099,217,6.497644932148585,
A,A*68:40,6.450194966323998,5.950549450549451,0.32967032967032966,11.653846153846153,217,6.485831402602033,
A,A*34:02,6.442168430647693,5.873626373626373,1.8461538461538463,13.5,217,6.477760521424753,
A,A*33:01,6.44019344710589,6.247252747252747,0.23626373626373626,12.263736263736265,217,6.475774626371668,
A,A*69:01,6.434648301007749,6.571428571428571,1.554945054945055,11.796703296703297,217,6.470198844107238,
A,A*29:10,6.430242568491417,6.263736263736264,0.3076923076923077,11.972527472527473,217,6.46576877052728,
A,A*31:02,6.399326479971641,6.604395604395604,0.5164835164835165,11.60989010989011,217,6.434681874888612,
A,A*11:01,6.35544639692105,6.043956043956044,0.13186813186813187,13.021978021978022,217,6.390559360439952,
A,A*31:04,6.349445485390184,6.543956043956044,0.054945054945054944,12.186813186813186,217,6.384525294701735,
A,A*02:122,6.3474958221502,6.730769230769231,0.7307692307692307,11.131868131868131,217,6.382564859841637,
A,A*31:06,6.326530612244899,6.510989010989011,0.054945054945054944,12.153846153846153,217,6.361483820047356,
A,A*31:01,6.319137084114042,6.324175824175824,0.15934065934065933,12.126373626373626,217,6.354049443694784,
A,A*11:19,6.297361624550565,5.928571428571429,0.13186813186813187,12.89010989010989,217,6.332153677724878,
A,A*68:15,6.283486099154302,6.0,0.44505494505494503,11.637362637362637,217,6.31820149196731,
A,A*02:93,6.249987339849091,6.857142857142857,0.6483516483516484,11.131868131868131,217,6.284517656643838,
A,A*29:04,6.194054793133136,6.153846153846154,0.37362637362637363,11.324175824175825,217,6.228276090332765,
A,A*02:10,6.156378184027954,6.736263736263736,0.6098901098901099,11.538461538461538,217,6.190391323166231,
A,A*68:02,6.125082290980909,5.6208791208791204,0.11538461538461539,11.324175824175825,217,6.158922524632737,
A,A*29:02,6.123968197700917,5.956043956043956,0.29120879120879123,11.664835164835164,217,6.157802276141253,
A,A*11:04,6.117739403453689,5.653846153846154,0.3901098901098901,12.631868131868131,217,6.151539068666141,
A,A*68:31,6.066997518610423,5.670329670329671,0.13186813186813187,11.192307692307692,217,6.100516841917661,
A,A*03:06,6.062946270319542,5.642857142857143,0.32967032967032966,12.467032967032967,217,6.0964432110395395,
A,A*74:09,6.048564338886919,5.214285714285714,0.5659340659340659,12.576923076923077,217,6.081981821422207,
A,A*29:09,6.048159214057831,6.065934065934066,0.29120879120879123,11.373626373626374,217,6.081574458334393,
A,A*68:37,6.027168683850713,5.758241758241758,0.5384615384615384,11.335164835164836,217,6.060467958347124,
A,A*68:20,6.019167468476225,5.445054945054945,0.15934065934065933,12.197802197802197,217,6.052422537362833,
A,A*68:27,6.014483212639894,5.5054945054945055,0.11538461538461539,11.208791208791208,217,6.0477124016600055,
A,A*33:03,5.994657416316403,5.791208791208791,0.45604395604395603,11.807692307692308,217,6.0277770705501945,
A,A*02:39,5.979566516432875,6.34065934065934,0.6098901098901099,11.17032967032967,217,6.01260279552919,
A,A*33:09,5.978477743454703,5.895604395604396,0.9175824175824175,11.81868131868132,217,6.011508007230695,
A,A*68:25,5.962753836025724,5.532967032967033,0.5274725274725275,12.252747252747254,217,5.995697227384984,
A,A*11:12,5.959842001316655,5.5054945054945055,0.6923076923076923,12.32967032967033,217,5.992769305191332,
A,A*03:09,5.951283739302173,5.456043956043956,0.13186813186813187,12.582417582417582,217,5.984163759961301,
A,A*03:108,5.893198966931686,5.324175824175824,0.13186813186813187,12.45054945054945,217,5.925758077246225,
A,A*74:11,5.889274320149896,5.054945054945055,0.4065934065934066,12.417582417582418,217,5.921811747333044,
A,A*68:17,5.881779510811769,5.5,0.46153846153846156,11.148351648351648,217,5.914275530208519,
A,A*68:05,5.860561097888287,5.285714285714286,0.15934065934065933,12.038461538461538,217,5.892939888484355,
A,A*68:24,5.844356104724769,5.362637362637362,0.14285714285714285,11.868131868131869,217,5.876645364971866,
A,A*68:22,5.82106142705221,5.3791208791208796,0.15934065934065933,11.708791208791208,217,5.853221987422666,
A,A*03:22,5.8106041424013775,5.302197802197802,0.29120879120879123,12.428571428571429,217,5.842706927718512,
A,A*68:06,5.797943991492379,5.291208791208791,0.2967032967032967,11.362637362637363,217,5.82997683122438,
A,A*74:05,5.779637413277967,4.967032967032967,0.31868131868131866,12.32967032967033,217,5.811569111693865,
A,A*03:17,5.739555375500076,5.384615384615385,0.5164835164835165,11.62087912087912,217,5.771265626193447,
A,A*03:01,5.734795158758293,5.313186813186813,0.0,12.137362637362637,217,5.766479109911654,
A,A*03:26,5.734795158758293,5.313186813186813,0.0,12.137362637362637,217,5.7664791099116535,
A,A*68:07,5.721755203322024,5.241758241758242,0.2967032967032967,11.302197802197803,217,5.753367110522697,
A,A*74:03,5.721527320605663,4.945054945054945,0.32967032967032966,11.93956043956044,217,5.753137968785804,
A,A*68:01,5.7021572897148936,5.21978021978022,0.13186813186813187,11.725274725274724,217,5.733660921149783,
A,A*74:06,5.7017268445839875,5.010989010989011,0.44505494505494503,12.456043956043956,217,5.733228097868982,
A,A*68:30,5.685977616853193,4.9945054945054945,0.5384615384615384,11.736263736263735,217,5.7173918578302825,
A,A*03:08,5.676710386387805,5.214285714285714,0.13186813186813187,12.005494505494505,217,5.708073427196578,
A,A*68:03,5.644072517344407,5.148351648351649,0.13186813186813187,11.593406593406593,217,5.675255238434708,
A,A*03:02,5.6078391654428525,5.576923076923077,0.6208791208791209,11.489010989010989,217,5.638821702268504,
A,A*68:08,5.602142097533802,5.197802197802198,0.33516483516483514,11.631868131868131,217,5.633093158846145,
A,A*68:10,5.526586316908897,5.076923076923077,0.5274725274725275,11.197802197802197,217,5.557119942969168,
A,A*03:05,5.514078087810806,5.065934065934066,0.24725274725274726,11.89010989010989,217,5.544542607632966,
A,A*68:12,5.508355699599939,5.258241758241758,0.489010989010989,11.236263736263735,217,5.5387886040176175,
A,A*74:01,5.485238264040107,4.648351648351649,0.31868131868131866,12.010989010989011,217,5.515543447819335,
A,A*03:07,5.377171215880893,5.236263736263736,0.6208791208791209,11.472527472527473,217,5.406879344145429,
B,B*57:04,11.112853812853814,11.027472527472527,1.3736263736263736,16.494505494505493,330,11.174250795245271,
B,B*57:05,10.623892773892774,10.642857142857142,1.1593406593406594,15.494505494505495,330,10.682588314080027,
B,B*57:02,10.553346653346653,10.568681318681318,0.5604395604395604,15.972527472527473,330,10.611652435961826,
B,B*15:16,10.468847818847818,10.357142857142858,2.620879120879121,16.252747252747252,330,10.526686757073497,
B,B*57:01,10.392174492174492,10.282967032967033,0.9175824175824175,16.26923076923077,330,10.449589820860538,
B,B*07:13,10.388311688311688,10.37912087912088,2.1043956043956045,16.64835164835165,330,10.445705675539928,
B,B*73:01,10.27066267066267,10.299450549450551,5.730769230769231,16.494505494505493,330,10.327406663318264,
B,B*57:03,10.255677655677657,10.321428571428573,0.5604395604395604,15.412087912087912,330,10.312338858195213,
B,B*27:02,10.08075258075258,10.37087912087912,1.1428571428571428,13.576923076923077,330,10.136447346392098,
B,B*27:03,10.048185148185148,10.557692307692307,0.45604395604395603,13.571428571428571,330,10.103699983257995,
B,B*15:17,10.02985347985348,9.736263736263737,2.620879120879121,15.68131868131868,330,10.085267034990792,
B,B*27:14,9.83066933066933,10.291208791208792,0.8681318681318682,13.247252747252746,330,9.884982420894024,
B,B*58:02,9.788228438228439,9.77747252747253,1.0714285714285714,15.148351648351648,330,9.842307048384399,
B,B*27:10,9.756393606393607,10.112637362637361,0.35714285714285715,13.780219780219781,330,9.810296333500752,
B,B*27:17,9.714035964035963,10.22252747252747,0.12087912087912088,13.236263736263735,330,9.767704671019589,
B,B*27:19,9.700532800532802,10.09065934065934,0.989010989010989,13.137362637362637,330,9.75412690440315,
B,B*07:36,9.685614385614386,10.206043956043956,2.8461538461538463,14.68131868131868,330,9.739126067302864,
B,B*44:18,9.616983016983017,10.04945054945055,0.7417582417582418,16.51098901098901,330,9.670115519839277,
B,B*58:01,9.60949050949051,9.689560439560438,0.5384615384615384,15.324175824175825,330,9.662581617277748,
B,B*27:05,9.593606393606393,10.10164835164835,0.12087912087912088,13.115384615384615,330,9.646609743847312,
B,B*44:08,9.583416583416584,9.406593406593407,1.4285714285714286,16.423076923076923,330,9.636363636363637,
B,B*27:04,9.542507492507493,10.057692307692307,0.35714285714285715,13.906593406593407,330,9.595228528377701,
B,B*27:09,9.436330336330336,9.928571428571429,0.44505494505494503,12.824175824175825,330,9.488464758078017,
B,B*27:15,9.433250083250083,9.887362637362639,0.35714285714285715,13.653846153846153,330,9.485367487024945,
B,B*44:24,9.403379953379954,9.392857142857142,0.15934065934065933,15.994505494505495,330,9.455332328812991,
B,B*44:21,9.378021978021978,9.510989010989011,0.7582417582417582,15.395604395604396,330,9.429834254143646,
B,B*27:01,9.375890775890777,9.791208791208792,1.3681318681318682,13.571428571428571,330,9.427691277415033,
B,B*27:24,9.291341991341993,9.587912087912088,0.5714285714285714,14.532967032967033,330,9.342675372509627,
B,B*44:20,9.278554778554778,9.436813186813186,1.2142857142857142,15.686813186813186,330,9.329817512137955,
B,B*44:22,9.277139527139527,9.302197802197803,0.11538461538461539,16.03846153846154,330,9.328394441654112,
B,B*07:15,9.26829836829837,9.458791208791208,0.9835164835164835,15.857142857142858,330,9.319504436631508,
B,B*44:02,9.247419247419248,9.233516483516482,0.0,16.153846153846153,330,9.298509961493387,favorable
B,B*44:27,9.247419247419247,9.233516483516482,0.0,16.153846153846153,330,9.298509961493387,
B,B*58:04,9.237445887445888,9.299450549450551,0.5384615384615384,14.934065934065934,330,9.28848150008371,
B,B*44:12,9.236929736929737,9.241758241758241,0.23076923076923078,16.384615384615383,330,9.28796249790725,
B,B*44:15,9.195970695970695,9.475274725274726,0.7417582417582418,15.796703296703297,330,9.246777163904236,
B,B*44:06,9.124292374292374,9.423076923076923,2.9065934065934065,15.505494505494505,330,9.174702829398962,
B,B*27:07,9.053696303696304,9.447802197802197,0.8571428571428571,13.423076923076923,330,9.103716725263688,
B,B*67:02,9.048401598401599,8.826923076923077,3.087912087912088,14.417582417582418,330,9.098392767453541,
B,B*08:02,9.023326673326673,9.10989010989011,2.3846153846153846,13.005494505494505,330,9.073179306880965,
B,B*07:20,8.993240093240093,9.299450549450551,1.7307692307692308,14.37912087912088,330,9.042926502595012,
B,B*44:05,8.98028638028638,9.12087912087912,0.8791208791208791,15.274725274725276,330,9.029901222166416,favorable
B,B*27:20,8.977822177822176,9.304945054945055,0.5714285714285714,14.263736263736265,330,9.027423405323958,
B,B*27:06,8.975324675324677,9.357142857142858,1.1868131868131868,13.076923076923077,330,9.024912104470113,
B,B*44:04,8.948551448551449,8.89835164835165,0.8846153846153846,15.225274725274724,330,8.997990959316926,
B,B*44:50,8.937462537462538,8.77747252747253,0.489010989010989,16.64835164835165,330,8.986840783525867,
B,B*07:42,8.913503163503163,9.123626373626372,0.6043956043956044,15.478021978021978,330,8.962749037334673,
B,B*44:29,8.889310689310689,8.75,0.31868131868131866,16.505494505494507,330,8.938422903063787,
B,B*46:01,8.817449217449218,9.252747252747254,3.1868131868131866,14.071428571428571,330,8.866164406495898,
B,B*07:23,8.766433566433568,8.975274725274726,0.45604395604395603,15.32967032967033,330,8.814866901054746,
B,B*27:27,8.734049284049284,9.104395604395604,0.8571428571428571,12.868131868131869,330,8.782303699983258,
B,B*27:08,8.706909756909758,8.648351648351648,1.1538461538461537,14.81868131868132,330,8.755014230704838,
B,B*07:14,8.67998667998668,8.739010989010989,0.6318681318681318,14.005494505494505,330,8.727942407500418,
B,B*82:01,8.672360972360972,8.848901098901099,0.5164835164835165,13.214285714285714,330,8.720274568893354,
B,B*07:46,8.662354312354312,8.87087912087912,0.3516483516483517,15.225274725274724,330,8.710212623472291,
B,B*08:18,8.643423243423243,8.563186813186814,0.6923076923076923,15.461538461538462,330,8.691176963000165,
B,B*07:04,8.631984681984683,8.895604395604396,0.5274725274725275,15.098901098901099,330,8.67967520508957,
B,B*44:03,8.62953712953713,8.467032967032967,0.31868131868131866,16.186813186813186,330,8.677214130252805,favorable
B,B*51:03,8.528804528804528,8.692307692307692,0.7637362637362637,13.93956043956044,330,8.575924995814498,
B,B*07:12,8.492923742923743,8.45054945054945,0.6318681318681318,14.489010989010989,330,8.53984597354763,
B,B*07:10,8.477439227439227,8.697802197802197,1.065934065934066,15.043956043956044,330,8.52427590825381,
B,B*37:01,8.475574425574425,8.362637362637363,3.9395604395604398,12.928571428571429,330,8.522400803616273,
B,B*40:13,8.461838161838163,8.697802197802197,0.8516483516483516,13.401098901098901,330,8.508588648920139,
B,B*81:01,8.443523143523143,8.582417582417582,0.0,15.406593406593407,330,8.490172442658631,
B,B*81:02,8.443523143523143,8.582417582417582,0.0,15.406593406593407,330,8.490172442658631,
B,B*07:09,8.441958041958042,8.401098901098901,0.7912087912087912,15.175824175824175,330,8.488598694123555,
B,B*13:12,8.43897768897769,8.079670329670328,0.5384615384615384,14.686813186813186,330,8.485601875104638,
B,B*44:07,8.433499833499832,8.225274725274724,0.31868131868131866,15.868131868131869,330,8.480093755231877,
B,B*37:07,8.397102897102897,8.417582417582418,2.901098901098901,12.659340659340659,330,8.443495730788548,
B,B*42:05,8.353629703629704,8.563186813186814,0.42857142857142855,14.505494505494505,330,8.399782353926,
B,B*44:10,8.351298701298703,8.274725274725276,1.8241758241758241,15.472527472527473,330,8.39743847312908,
B,B*49:01,8.34981684981685,8.384615384615385,2.5824175824175826,14.906593406593407,330,8.395948434622468,
B,B*40:30,8.34978354978355,8.51923076923077,1.043956043956044,15.17032967032967,330,8.395914950611083,
B,B*51:43,8.343772893772895,8.703296703296703,0.6868131868131868,13.615384615384615,330,8.38987108655617,
B,B*07:51,8.337379287379287,8.607142857142858,0.5879120879120879,14.56043956043956,330,8.383442156370334,
B,B*13:02,8.330852480852482,8.225274725274724,1.2142857142857142,13.862637362637363,330,8.376879290138957,
B,B*40:19,8.327439227439228,8.741758241758241,0.8516483516483516,14.071428571428571,330,8.373447178972041,
B,B*07:02,8.311771561771561,8.51923076923077,0.12637362637362637,14.873626373626374,330,8.357692951615604,
B,B*07:05,8.305461205461206,8.54945054945055,0.0,15.0,330,8.351347731458228,
B,B*07:06,8.305461205461206,8.54945054945055,0.0,15.0,330,8.351347731458228,
B,B*13:01,8.29971694971695,8.016483516483516,0.5384615384615384,14.32967032967033,330,8.345571739494392,
B,B*42:02,8.261471861471863,8.252747252747252,0.45604395604395603,14.532967032967033,330,8.307115352419219,
B,B*45:01,8.243140193140194,8.032967032967033,1.60989010989011,14.576923076923077,330,8.288682404152018,
B,B*44:09,8.18150183150183,8.126373626373626,2.3846153846153846,14.68131868131868,330,8.22670349907919,
B,B*82:02,8.157442557442556,8.332417582417584,0.5164835164835165,12.697802197802197,330,8.20251130085384,
B,B*40:43,8.156959706959707,8.137362637362637,0.8791208791208791,15.840659340659341,330,8.202025782688766,
B,B*15:13,8.152947052947052,7.664835164835165,1.5384615384615385,15.027472527472527,330,8.197990959316925,
B,B*51:23,8.140825840825842,8.296703296703297,0.7637362637362637,13.489010989010989,330,8.185802779172944,
B,B*07:07,8.118681318681318,8.173076923076923,0.6043956043956044,14.26923076923077,330,8.16353591160221,
B,B*51:08,8.114135864135864,8.543956043956044,0.945054945054945,13.208791208791208,330,8.158965344048218,
B,B*52:02,8.102297702297703,8.467032967032967,1.032967032967033,13.664835164835164,330,8.147061778001005,
B,B*51:14,8.094239094239095,8.445054945054945,0.5164835164835165,12.73076923076923,330,8.138958647245941,
B,B*08:35,8.08759573759574,7.634615384615385,0.7912087912087912,14.032967032967033,330,8.132278586974719,
B,B*08:09,8.07069597069597,7.93956043956044,0.6538461538461539,14.31868131868132,330,8.115285451197055,
B,B*42:01,8.032850482850485,8.148351648351648,0.42857142857142855,14.076923076923077,330,8.077230872258497,
B,B*07:26,8.014102564102563,8.148351648351648,0.5604395604395604,15.291208791208792,330,8.058379373848986,
B,B*08:01,7.957409257409257,7.895604395604396,0.6538461538461539,14.76923076923077,330,8.001372844466767,
B,B*51:29,7.956709956709956,8.293956043956044,0.5604395604395604,13.489010989010989,330,8.000669680227693,
B,B*52:04,7.951448551448551,8.167582417582416,0.4175824175824176,13.12087912087912,330,7.995379206428929,
B,B*51:17,7.945104895104895,8.076923076923077,0.45604395604395603,12.719780219780219,330,7.989000502260171,
B,B*27:12,7.926673326673327,7.826923076923077,1.1538461538461537,15.043956043956044,330,7.970467101958815,
B,B*51:50,7.911888111888112,8.258241758241759,0.32967032967032966,13.159340659340659,330,7.95560020090407,
B,B*40:23,7.91070596070596,7.931318681318682,0.9230769230769231,14.747252747252746,330,7.954411518499915,
B,B*47:01,7.907209457209457,7.81043956043956,0.7142857142857143,14.082417582417582,330,7.950895697304537,
B,B*40:07,7.894422244422245,7.923076923076923,0.8516483516483516,14.373626373626374,330,7.938037836932865,
B,B*37:02,7.879637029637031,7.950549450549451,3.3956043956043955,12.0,330,7.923170935878118,
B,B*53:06,7.8634032634032645,7.824175824175824,1.0934065934065933,14.098901098901099,330,7.9068474803281426,
B,B*18:08,7.825441225441226,7.634615384615385,0.6153846153846154,14.313186813186814,330,7.868675707349741,
B,B*40:32,7.821361971361971,7.980769230769231,0.12637362637362637,14.456043956043956,330,7.864573915955131,
B,B*38:09,7.819130869130869,8.145604395604394,0.24725274725274726,12.741758241758241,330,7.862330487192365,
B,B*40:16,7.815051615051614,8.013736263736263,0.12637362637362637,14.582417582417582,330,7.858228695797757,
B,B*51:22,7.802963702963704,8.0,0.6153846153846154,13.208791208791208,330,7.84607399966516,
B,B*08:20,7.79998334998335,7.618131868131868,1.1923076923076923,14.302197802197803,330,7.843077180646242,
B,B*15:24,7.7972194472194465,7.579670329670329,1.5384615384615385,15.076923076923077,330,7.840298007701322,
B,B*07:08,7.791708291708291,7.760989010989011,0.12087912087912088,14.637362637362637,330,7.8347564038171775,
B,B*50:02,7.788045288045287,7.524725274725275,0.9725274725274725,13.945054945054945,330,7.831073162564875,
B,B*07:03,7.76996336996337,7.760989010989011,0.12087912087912088,14.68131868131868,330,7.812891344383058,
B,B*40:01,7.7600233100233105,7.873626373626374,0.33516483516483514,14.961538461538462,330,7.802896366984764,
B,B*51:19,7.756027306027306,8.21153846153846,0.31868131868131866,13.247252747252746,330,7.798878285618617,
B,B*52:21,7.73021978021978,7.978021978021978,0.33516483516483514,12.697802197802197,330,7.77292817679558,
B,B*13:04,7.7160839160839165,7.362637362637362,0.9230769230769231,14.346153846153847,330,7.758714213962833,
B,B*51:13,7.713952713952715,8.087912087912088,0.12087912087912088,13.021978021978022,330,7.756571237234221,
B,B*14:03,7.706843156843156,7.532967032967033,0.5604395604395604,14.225274725274724,330,7.749422400803616,
B,B*51:21,7.680386280386279,8.096153846153847,0.5054945054945055,12.527472527472527,330,7.722819353758581,
B,B*41:07,7.662337662337662,7.637362637362638,0.17582417582417584,14.076923076923077,330,7.7046710195881465,
B,B*51:01,7.659040959040959,8.016483516483516,0.12087912087912088,12.928571428571429,330,7.701356102461074,
B,B*13:03,7.648301698301698,7.516483516483516,0.9230769230769231,13.87912087912088,330,7.690557508789552,
B,B*51:04,7.627905427905427,7.898351648351649,0.5164835164835165,13.274725274725276,330,7.670048551816508,
B,B*51:10,7.5914418914418915,8.0,1.2692307692307692,11.653846153846153,330,7.63338355935041,
B,B*38:01,7.572627372627372,7.898351648351649,0.24725274725274726,12.494505494505495,330,7.614465092918131,
B,B*14:01,7.569064269064269,7.423076923076923,0.5439560439560439,14.434065934065934,330,7.6108823036999835,
B,B*07:37,7.564352314352315,7.423076923076923,0.31868131868131866,13.483516483516484,330,7.606144316089067,
B,B*41:01,7.563336663336663,7.607142857142857,0.17582417582417584,13.901098901098901,330,7.605123053741838,
B,B*08:23,7.560472860472861,7.222527472527473,0.8791208791208791,13.89010989010989,330,7.602243428762766,
B,B*18:18,7.547419247419249,7.3598901098901095,0.6153846153846154,14.038461538461538,330,7.589117696300017,
B,B*41:02,7.542440892440892,7.593406593406593,0.6043956043956044,14.368131868131869,330,7.584111836598026,
B,B*15:12,7.539643689643689,8.030219780219781,0.554945054945055,13.60989010989011,330,7.5812991796417215,
B,B*47:03,7.538311688311689,7.329670329670329,0.7142857142857143,13.368131868131869,330,7.579959819186338,
B,B*52:01,7.535131535131535,7.75,0.23076923076923078,12.703296703296703,330,7.576762096099113,
B,B*48:06,7.526523476523477,7.271978021978022,1.0824175824175823,14.417582417582418,330,7.568106479156203,
B,B*51:07,7.5246420246420245,7.739010989010989,0.23076923076923078,12.934065934065934,330,7.566214632512976,
B,B*51:09,7.496253746253745,8.068681318681318,0.31868131868131866,12.928571428571429,330,7.537669512807635,
B,B*51:05,7.463636363636364,7.774725274725275,0.5604395604395604,12.412087912087912,330,7.504871923656455,
B,B*51:34,7.4593573093573085,7.912087912087912,0.7582417582417582,11.758241758241759,330,7.5005692281935366,
B,B*48:07,7.457525807525808,7.291208791208791,0.12087912087912088,14.868131868131869,330,7.4987276075673845,
B,B*40:114,7.45024975024975,7.538461538461538,0.33516483516483514,14.626373626373626,330,7.49141135107986,
B,B*38:06,7.43962703962704,7.65934065934066,1.4835164835164836,11.714285714285714,330,7.4807299514481835,
B,B*18:06,7.4258741258741265,7.217032967032967,0.6648351648351648,13.912087912087912,330,7.466901054746359,
B,B*14:02,7.409174159174158,7.3076923076923075,0.5439560439560439,13.89010989010989,330,7.4501088230370005,
B,B*40:90,7.408258408258409,7.489010989010989,0.45604395604395603,14.741758241758241,330,7.4491880127239245,
B,B*48:01,7.402614052614053,7.230769230769231,0.12087912087912088,14.774725274725276,330,7.44351247279424,
B,B*07:16,7.373026973026973,7.211538461538462,0.31868131868131866,13.802197802197803,330,7.4137619286790555,
B,B*53:01,7.370329670329669,7.365384615384615,0.25274725274725274,13.89010989010989,330,7.411049723756905,
B,B*39:09,7.359940059940062,7.263736263736264,0.7912087912087912,14.923076923076923,330,7.400602712204923,
B,B*51:06,7.352664002664002,7.582417582417582,0.5164835164835165,12.785714285714286,330,7.393286455717396,
B,B*40:50,7.350532800532801,7.343406593406593,0.8791208791208791,15.164835164835164,330,7.391143478988782,
B,B*41:03,7.349350649350649,7.3076923076923075,0.33516483516483514,13.763736263736265,330,7.3899547965846315,
B,B*15:23,7.346270396270396,7.1098901098901095,2.8461538461538463,13.038461538461538,330,7.386857525531559,
B,B*59:01,7.344105894105894,7.733516483516484,1.2362637362637363,12.659340659340659,330,7.384681064791563,
B,B*08:13,7.33952713952714,7.09065934065934,0.945054945054945,14.18131868131868,330,7.380077013226185,
B,B*51:02,7.328754578754579,7.6098901098901095,0.45604395604395603,12.516483516483516,330,7.369244935543278,
B,B*18:05,7.2981185481185475,7.085164835164835,0.5164835164835165,13.763736263736265,330,7.33843964506948,
B,B*54:01,7.296786546786547,7.337912087912088,0.15934065934065933,12.901098901098901,330,7.337100284614095,
B,B*38:02,7.264701964701964,7.516483516483516,0.489010989010989,12.032967032967033,330,7.30483843964507,
B,B*48:05,7.264552114552115,7.302197802197802,1.1483516483516483,14.241758241758241,330,7.304687761593839,
B,B*53:05,7.257242757242756,7.208791208791209,0.25274725274725274,13.758241758241759,330,7.2973380210949275,
B,B*40:09,7.245970695970695,7.346153846153846,0.5824175824175825,14.258241758241759,330,7.286003683241253,
B,B*15:14,7.235447885447885,7.722527472527473,0.554945054945055,13.324175824175825,330,7.27542273564373,
B,B*39:24,7.232517482517482,7.118131868131869,0.44505494505494503,14.73076923076923,330,7.27247614264189,
B,B*48:03,7.2095238095238106,7.06043956043956,0.6043956043956044,14.62087912087912,330,7.249355432780848,
B,B*40:10,7.207609057609057,7.002747252747253,1.1703296703296704,13.565934065934066,330,7.247430102126235,
B,B*15:32,7.1875957375957364,7.695054945054945,0.7912087912087912,13.142857142857142,330,7.227306211284112,
B,B*18:03,7.180136530136529,6.980769230769231,0.8791208791208791,14.126373626373626,330,7.21980579273397,
B,B*51:40,7.165967365967365,7.678571428571429,0.45604395604395603,12.472527472527473,330,7.2055583458898385,
B,B*39:26,7.154462204462204,7.068681318681318,0.5604395604395604,14.692307692307692,330,7.193989619956472,
B,B*14:05,7.148285048285048,6.936813186813187,0.9725274725274725,14.087912087912088,330,7.187778335844634,
B,B*15:33,7.145521145521146,7.510989010989011,0.8186813186813187,13.351648351648352,330,7.184999162899715,
B,B*40:27,7.143323343323344,7.200549450549451,0.3791208791208791,14.164835164835164,330,7.182789218148335,
B,B*55:07,7.1408258408258405,7.178571428571429,0.15934065934065933,12.741758241758241,330,7.180277917294491,
B,B*40:04,7.134748584748585,7.197802197802198,0.17582417582417584,13.791208791208792,330,7.17416708521681,
B,B*15:82,7.108108558108559,7.601648351648351,0.6868131868131868,13.038461538461538,330,7.1473798761091585,
B,B*40:03,7.09009324009324,7.1401098901098905,0.3791208791208791,14.296703296703297,330,7.129265025950107,
B,B*18:13,7.0808691308691305,6.75,0.5604395604395604,13.142857142857142,330,7.1199899547965835,
B,B*15:44,7.078771228771229,7.43956043956044,0.5054945054945055,12.89010989010989,330,7.1178804620793565,
B,B*40:08,7.077505827505827,7.021978021978022,1.0824175824175823,13.928571428571429,330,7.116608069646745,
B,B*39:12,7.070063270063271,6.903846153846154,0.989010989010989,14.467032967032967,330,7.109124393102294,
B,B*18:20,7.069264069264069,6.8791208791208796,0.45604395604395603,13.598901098901099,330,7.108320776829064,
B,B*40:06,7.066883116883116,7.175824175824176,0.6538461538461539,14.291208791208792,330,7.1059266700150685,
B,B*18:33,7.061521811521812,6.991758241758242,0.6153846153846154,13.582417582417582,330,7.100535744182153,
B,B*35:41,7.0591908091908095,7.357142857142857,1.065934065934066,13.032967032967033,330,7.098191863385233,
B,B*15:21,7.057425907425907,7.541208791208791,0.5054945054945055,13.291208791208792,330,7.096417210781852,
B,B*55:01,7.05004995004995,6.947802197802198,0.6648351648351648,13.401098901098901,330,7.089000502260171,
B,B*52:03,7.042057942057942,7.002747252747253,1.0824175824175823,12.912087912087912,330,7.080964339527876,
B,B*40:64,7.035747585747586,7.167582417582418,0.17582417582417584,13.813186813186814,330,7.0746191193704995,
B,B*47:02,7.020512820512821,6.513736263736264,1.2472527472527473,13.032967032967033,330,7.059300184162062,
B,B*40:12,7.019913419913419,6.700549450549451,0.6593406593406593,13.961538461538462,330,7.05869747195714,
B,B*55:12,7.0003496503496505,7.065934065934066,0.25274725274725274,12.483516483516484,330,7.0390256152687085,
B,B*40:05,6.985780885780886,6.950549450549451,1.2087912087912087,14.192307692307692,330,7.024376360287962,
B,B*18:14,6.976290376290375,6.925824175824176,0.25274725274725274,13.851648351648352,330,7.014833417043362,
B,B*50:01,6.9759740259740255,6.777472527472527,0.17582417582417584,12.972527472527473,330,7.014515318935209,favorable
B,B*67:01,6.971861471861472,6.9423076923076925,0.8901098901098901,12.868131868131869,330,7.010380043529216,
B,B*40:02,6.9535964035964035,7.032967032967033,0.45604395604395603,14.285714285714286,330,6.992014063284781,
B,B*18:02,6.951515151515151,6.815934065934066,0.25274725274725274,13.719780219780219,330,6.989921312573245,
B,B*15:28,6.91090576090576,7.403846153846154,0.489010989010989,12.840659340659341,330,6.9490875606897715,
B,B*39:06,6.902097902097902,6.884615384615385,0.6538461538461539,14.291208791208792,330,6.940231039678553,
B,B*55:04,6.901132201132201,6.777472527472527,1.5824175824175823,13.005494505494505,330,6.939260003348401,
B,B*40:20,6.897002997002996,6.818681318681318,0.6043956043956044,13.692307692307692,330,6.935107985936716,
B,B*55:02,6.887262737262738,6.8791208791208796,0.25274725274725274,12.736263736263735,330,6.92531391260673,
B,B*56:03,6.8861971361971355,6.791208791208791,1.9230769230769231,12.203296703296703,330,6.924242424242424,
B,B*50:04,6.876973026973027,6.708791208791209,0.17582417582417584,12.796703296703297,330,6.914967353088901,
B,B*56:01,6.865917415917416,6.914835164835165,0.1978021978021978,12.335164835164836,330,6.9038506613092245,
B,B*15:71,6.841608391608393,7.3076923076923075,1.0,12.065934065934066,330,6.879407332998493,
B,B*39:31,6.824342324342326,6.6923076923076925,0.45604395604395603,14.587912087912088,330,6.862045873095598,
B,B*48:04,6.812004662004663,6.607142857142857,0.6538461538461539,13.93956043956044,330,6.849640046877616,
B,B*15:141,6.81063936063936,7.1401098901098905,0.6043956043956044,12.807692307692308,330,6.848267202410848,
B,B*56:15,6.797202797202797,6.78021978021978,0.1978021978021978,12.26923076923077,330,6.834756403817177,
B,B*18:12,6.793689643689644,6.431318681318682,0.23076923076923078,13.016483516483516,330,6.831223840616106,
B,B*15:25,6.789593739593739,7.282967032967033,0.23076923076923078,13.247252747252746,330,6.827105307215805,
B,B*39:03,6.788811188811189,6.673076923076923,0.12087912087912088,14.285714285714286,330,6.826318432948268,
B,B*18:01,6.783200133200133,6.568681318681318,0.23076923076923078,13.247252747252746,330,6.820676377029968,favorable
B,B*15:02,6.779104229104228,7.293956043956044,0.23076923076923078,13.016483516483516,330,6.816557843629667,
B,B*35:48,6.760705960705961,7.074175824175824,0.7912087912087912,12.758241758241759,330,6.798057927339696,
B,B*40:11,6.760506160506159,6.9423076923076925,0.5164835164835165,14.131868131868131,330,6.797857023271388,
B,B*15:38,6.753663003663003,7.206043956043956,0.45604395604395603,12.774725274725276,330,6.790976058931861,
B,B*39:14,6.733899433899434,6.6208791208791204,0.12087912087912088,14.192307692307692,330,6.771103298175121,
B,B*15:04,6.72975357975358,7.043956043956044,0.33516483516483514,12.538461538461538,330,6.766934538757743,
B,B*40:40,6.724975024975025,6.728021978021978,0.45604395604395603,13.82967032967033,330,6.762129583124059,
B,B*40:129,6.716516816516817,6.675824175824176,1.1153846153846154,12.675824175824175,330,6.753624644232379,
B,B*78:01,6.682134532134533,6.335164835164835,0.8791208791208791,12.505494505494505,330,6.719052402477818,
B,B*35:77,6.681218781218781,6.978021978021978,0.6868131868131868,12.653846153846153,330,6.71813159216474,
B,B*15:06,6.627905427905429,7.013736263736264,0.5769230769230769,12.851648351648352,330,6.664523689938055,
B,B*15:07,6.616466866466866,7.079670329670329,0.31868131868131866,12.280219780219781,330,6.653021932027456,
B,B*40:94,6.613053613053613,6.472527472527473,0.6208791208791209,13.664835164835164,330,6.649589820860538,
B,B*39:22,6.606210456210457,6.535714285714286,0.23076923076923078,13.901098901098901,330,6.64270885652101,
B,B*39:15,6.602031302031302,6.483516483516484,0.12637362637362637,14.005494505494505,330,6.6385066130922485,
B,B*39:01,6.595720945720946,6.508241758241758,0.12637362637362637,14.131868131868131,330,6.632161392934874,
B,B*15:42,6.587229437229437,6.324175824175824,1.7417582417582418,12.494505494505495,330,6.62362297003181,
B,B*56:10,6.58088578088578,6.782967032967033,0.5054945054945055,12.038461538461538,330,6.61724426586305,
B,B*56:02,6.55954045954046,6.634615384615385,0.17582417582417584,11.637362637362637,330,6.595781014565544,
B,B*15:56,6.557775557775558,7.148351648351649,0.23076923076923078,12.862637362637363,330,6.594006361962164,
B,B*15:08,6.547286047286049,7.043956043956044,0.12087912087912088,13.06043956043956,330,6.583458898376025,
B,B*15:113,6.538411588411589,7.03021978021978,0.11538461538461539,12.467032967032967,330,6.574535409342039,
B,B*15:27,6.536929736929737,7.035714285714286,0.12087912087912088,12.472527472527473,330,6.573045370835426,
B,B*15:55,6.534165834165835,6.769230769230769,0.6043956043956044,12.56043956043956,330,6.570266197890508,
B,B*15:65,6.5259573759573755,6.975274725274725,0.554945054945055,12.576923076923077,330,6.562012389084212,
B,B*15:11,6.5255411255411255,7.013736263736264,0.12087912087912088,13.0,330,6.561593838941906,
B,B*15:34,6.522377622377622,6.997252747252747,0.17582417582417584,12.494505494505495,330,6.558412857860373,
B,B*15:35,6.515767565767566,7.008241758241758,0.31868131868131866,12.203296703296703,330,6.551766281600536,
B,B*48:12,6.50922410922411,6.274725274725275,1.2582417582417582,13.516483516483516,330,6.54518667336347,
B,B*40:26,6.497818847818848,6.271978021978022,1.2087912087912087,13.434065934065934,330,6.533718399464256,
B,B*39:11,6.496453546453545,6.3489010989010985,0.5604395604395604,12.972527472527473,330,6.532345554997488,
B,B*35:21,6.48956043956044,6.758241758241758,0.45604395604395603,12.95054945054945,330,6.525414364640883,
B,B*15:45,6.486280386280384,6.637362637362638,0.6043956043956044,12.62087912087912,330,6.5221161895195054,
B,B*56:04,6.46053946053946,6.478021978021978,0.17582417582417584,11.461538461538462,330,6.496233048719235,
B,B*15:125,6.453096903096903,6.9010989010989015,0.11538461538461539,12.236263736263735,330,6.4887493721747855,
B,B*18:11,6.452913752913753,6.153846153846154,0.45604395604395603,12.791208791208792,330,6.488565210112171,
B,B*15:20,6.43974358974359,6.714285714285714,0.6923076923076923,13.631868131868131,330,6.475322283609577,
B,B*39:10,6.430053280053281,6.178571428571429,0.7912087912087912,13.252747252747254,330,6.465578436296668,
B,B*15:01,6.423376623376623,6.914835164835165,0.11538461538461539,12.351648351648352,330,6.458864892014063,unfavorable
B,B*15:15,6.4128871128871126,6.96978021978022,0.23076923076923078,12.54945054945055,330,6.448317428427926,
B,B*15:53,6.4111721611721615,6.302197802197802,0.9395604395604396,12.010989010989011,330,6.44659300184162,
B,B*39:04,6.406110556110557,6.274725274725275,0.6593406593406593,13.472527472527473,330,6.441503432111166,
B,B*15:75,6.3971694971694975,6.8791208791208796,0.15934065934065933,12.428571428571429,330,6.4325129750544106,
B,B*35:29,6.393423243423243,6.648351648351649,0.8791208791208791,11.368131868131869,330,6.428746023773648,
B,B*39:37,6.391874791874792,6.3708791208791204,0.6043956043956044,13.406593406593407,330,6.427189017244266,
B,B*18:25,6.364968364968365,6.326923076923077,0.5439560439560439,12.131868131868131,330,6.400133936045537,
B,B*15:40,6.358891108891109,6.456043956043956,0.7582417582417582,11.54945054945055,330,6.3940231039678554,
B,B*15:73,6.355594405594407,6.519230769230769,0.12087912087912088,12.835164835164836,330,6.390708186840784,
B,B*35:14,6.354362304362304,6.791208791208791,0.33516483516483514,12.82967032967033,330,6.389469278419555,
B,B*15:58,6.341791541791541,6.46978021978022,0.12087912087912088,12.862637362637363,330,6.376829064121883,
B,B*15:31,6.341075591075591,6.6291208791208796,0.6043956043956044,13.164835164835164,330,6.376109157877115,
B,B*39:02,6.327888777888777,6.126373626373626,0.23076923076923078,13.565934065934066,330,6.362849489368827,
B,B*35:24,6.326773226773227,6.607142857142857,0.45604395604395603,12.423076923076923,330,6.361727774987443,
B,B*39:39,6.317399267399268,6.1291208791208796,0.23076923076923078,13.796703296703297,330,6.352302025782689,
B,B*18:04,6.310572760572761,6.222527472527473,0.5439560439560439,12.357142857142858,330,6.345437803448854,
B,B*15:132,6.307159507159506,6.4010989010989015,0.6043956043956044,11.93956043956044,330,6.342005692281935,
B,B*35:08,6.294155844155844,6.752747252747253,0.5604395604395604,12.527472527472527,330,6.3289301858362625,
B,B*15:63,6.293190143190143,6.527472527472527,0.12637362637362637,12.840659340659341,330,6.32795914950611,
B,B*15:30,6.286879786879788,6.445054945054945,0.12087912087912088,12.76923076923077,330,6.321613929348736,
B,B*78:02,6.285198135198136,6.03021978021978,0.8791208791208791,12.928571428571429,330,6.319922986773816,
B,B*39:07,6.28036963036963,6.123626373626374,0.978021978021978,12.719780219780219,330,6.3150678051230535,
B,B*39:08,6.228621378621378,6.09065934065934,0.5604395604395604,12.406593406593407,330,6.263033651431442,
B,B*15:39,6.2282883782883784,6.618131868131868,0.33516483516483514,12.274725274725276,330,6.262698811317596,
B,B*35:47,6.227655677655678,6.423076923076923,0.31868131868131866,12.236263736263735,330,6.262062615101288,
B,B*48:13,6.2134865134865125,5.9532967032967035,0.6538461538461539,13.285714285714286,330,6.247815168257156,
B,B*39:05,6.198784548784549,6.093406593406593,0.5604395604395604,13.252747252747254,330,6.233031977230872,
B,B*35:30,6.18957708957709,6.417582417582418,0.17582417582417584,11.60989010989011,330,6.22377364808304,
B,B*15:48,6.188777888777889,6.087912087912088,1.2362637362637363,12.593406593406593,330,6.222970031809812,
B,B*15:37,6.172527472527472,5.752747252747253,0.45604395604395603,12.67032967032967,330,6.206629834254144,
B,B*35:11,6.159274059274059,6.519230769230769,0.33516483516483514,12.494505494505495,330,6.193303197723087,
B,B*35:09,6.154861804861804,6.1401098901098905,0.6043956043956044,12.884615384615385,330,6.188866566214632,
B,B*39:20,6.146203796203796,6.06043956043956,1.1318681318681318,12.12087912087912,330,6.180160723254645,
B,B*15:47,6.132867132867134,5.851648351648351,1.3131868131868132,11.989010989010989,330,6.166750376695127,
B,B*35:26,6.12948717948718,6.233516483516484,0.9725274725274725,12.395604395604396,330,6.163351749539594,
B,B*35:15,6.127089577089577,6.247252747252747,0.7582417582417582,11.208791208791208,330,6.160940900719906,
B,B*35:23,6.110039960039961,6.412087912087912,0.12087912087912088,12.087912087912088,330,6.143797086891009,
B,B*35:27,6.10957375957376,6.3708791208791204,0.25274725274725274,12.219780219780219,330,6.143328310731626,
B,B*48:02,6.1056610056610054,6.043956043956044,1.5604395604395604,11.148351648351648,330,6.13939393939394,
B,B*35:31,6.104312354312355,5.714285714285714,1.3626373626373627,11.478021978021978,330,6.138037836932865,
B,B*35:16,6.101065601065601,6.357142857142857,0.23076923076923078,11.357142857142858,330,6.134773145822869,
B,B*35:17,6.09057609057609,6.263736263736264,0.17582417582417584,11.434065934065934,330,6.124225682236731,
B,B*15:46,6.087379287379288,6.1208791208791204,0.9395604395604396,11.697802197802197,330,6.121011217143813,
B,B*35:55,6.079237429237428,6.085164835164835,0.15934065934065933,12.604395604395604,330,6.112824376360288,
B,B*15:05,6.065501165501165,6.313186813186813,0.6648351648351648,12.93956043956044,330,6.099012221664156,
B,B*35:25,6.0399600399600395,6.049450549450549,0.5439560439560439,11.60989010989011,330,6.073329984932195,
B,B*35:19,6.031618381618382,6.269230769230769,0.3076923076923077,11.917582417582418,330,6.064942240080361,
B,B*35:10,6.006976356976357,6.239010989010989,0.23076923076923078,12.038461538461538,330,6.040164071655784,
B,B*35:01,5.996486846486847,6.291208791208791,0.12087912087912088,11.967032967032967,330,6.029616608069647,
B,B*35:49,5.985564435564436,6.173076923076923,0.3076923076923077,11.60989010989011,330,6.01863385233551,
B,B*35:02,5.9805028305028305,5.972527472527473,0.12087912087912088,12.401098901098901,330,6.013544282605055,
B,B*35:43,5.98011988011988,6.252747252747253,0.6923076923076923,12.137362637362637,330,6.013159216474134,
B,B*15:18,5.972427572427573,6.104395604395604,0.7912087912087912,11.901098901098901,330,6.0054244098442995,
B,B*15:52,5.94024309024309,5.68956043956044,1.335164835164835,11.994505494505495,330,5.973062112841119,
B,B*35:13,5.931701631701631,6.052197802197802,0.23076923076923078,12.214285714285714,330,5.964473463920978,
B,B*39:13,5.930952380952381,5.758241758241758,0.5604395604395604,12.686813186813186,330,5.963720073664826,
B,B*35:03,5.921212121212122,5.925824175824176,0.12087912087912088,12.445054945054945,330,5.95392600033484,
B,B*35:06,5.9149017649017654,5.895604395604396,0.12087912087912088,12.373626373626374,330,5.947580780177465,
B,B*35:05,5.914335664335664,6.019230769230769,0.5164835164835165,11.093406593406593,330,5.947011551983928,
B,B*15:54,5.8996836496836496,6.019230769230769,0.33516483516483514,11.32967032967033,330,5.93227858697472,
B,B*35:28,5.8725774225774225,6.038461538461538,0.23076923076923078,12.708791208791208,330,5.905022601707684,
B,B*35:34,5.866300366300366,5.9010989010989015,0.12087912087912088,12.351648351648352,330,5.898710865561695,
B,B*35:20,5.862087912087912,6.065934065934066,0.23076923076923078,12.478021978021978,330,5.894475138121547,
B,B*35:04,5.85999000999001,5.851648351648351,0.12087912087912088,12.280219780219781,330,5.892365645404319,
B,B*15:10,5.842241092241093,5.708791208791209,0.12637362637362637,12.214285714285714,330,5.874518667336346,
B,B*15:09,5.835930735930736,5.664835164835165,0.12637362637362637,12.340659340659341,330,5.868173447178973,
B,B*15:29,5.828504828504829,5.714285714285714,1.0824175824175823,11.445054945054945,330,5.860706512640214,
B,B*78:04,5.792124542124542,5.516483516483516,0.6538461538461539,11.807692307692308,330,5.824125230202578,
B,B*35:12,5.760989010989011,5.6923076923076925,0.17582417582417584,12.104395604395604,330,5.792817679558011,
B,B*15:03,5.704595404595405,5.7967032967032965,0.33516483516483514,11.335164835164836,330,5.7361125062782525,
B,B*35:22,5.678837828837828,5.434065934065934,0.6538461538461539,11.368131868131869,330,5.710212623472292,
B,B*35:32,5.622244422244423,5.771978021978022,0.6923076923076923,11.274725274725276,330,5.6533065461242265,
C,C*04:08,6.689604046746904,7.156593406593407,0.5054945054945055,9.214285714285714,126,6.057265631851265,
C,C*01:08,6.667538810395954,6.986263736263736,0.989010989010989,9.401098901098901,126,6.488248706480751,
C,C*01:27,6.560047095761382,6.876373626373626,0.8791208791208791,9.291208791208792,126,6.3801631149697435,
C,C*04:05,6.494374672946101,6.989010989010989,0.17582417582417584,8.884615384615385,126,5.8609576427256,
C,C*04:27,6.439778475492763,6.881868131868132,0.6868131868131868,8.494505494505495,126,5.806059808822239,
C,C*04:13,6.4107796964939805,6.763736263736264,0.5879120879120879,9.401098901098901,126,5.776900815574847,
C,C*04:19,6.401709401709401,6.895604395604396,0.08241758241758242,8.791208791208792,126,5.767780408664386,
C,C*01:07,6.369265654979941,6.684065934065934,0.6868131868131868,9.098901098901099,126,6.188327633079015,
C,C*04:01,6.319945927088785,6.813186813186813,0.0,8.708791208791208,126,5.685565202139788,
C,C*04:82,6.319945927088785,6.813186813186813,0.0,8.708791208791208,126,5.685565202139788,
C,C*04:10,6.297182975754406,6.596153846153846,0.31868131868131866,9.027472527472527,126,5.662676488643339,
C,C*04:04,6.165314843886273,6.461538461538462,0.5604395604395604,8.813186813186814,126,5.530079803560467,
C,C*01:06,6.075396825396825,6.417582417582418,0.6648351648351648,8.489010989010989,126,5.89283521880207,
C,C*03:88,6.063361241932672,6.450549450549451,0.15934065934065933,9.280219780219781,126,5.427562922038061,
C,C*07:35,6.056471306471308,6.604395604395604,1.065934065934066,9.137362637362637,126,5.8738051389985095,
C,C*03:06,6.0272980987266696,6.508241758241758,0.8351648351648352,9.26923076923077,126,5.391300534946943,
C,C*01:10,5.971568114425257,6.302197802197802,0.35714285714285715,8.76923076923077,126,5.788432868543364,
C,C*07:67,5.935243328100472,6.747252747252747,0.6648351648351648,8.989010989010989,126,5.751907392791371,
C,C*07:56,5.913439734868307,6.769230769230769,0.6868131868131868,9.0,126,5.729983337718144,
C,C*03:03,5.905285190999475,6.291208791208791,0.15934065934065933,9.12087912087912,126,5.26861352275717,
C,C*17:01,5.822780394208966,5.576923076923077,0.0,8.456043956043956,126,5.185652898360082,
C,C*17:03,5.822780394208966,5.576923076923077,0.0,8.456043956043956,126,5.185652898360082,
C,C*07:46,5.809872667015524,6.6208791208791204,0.5384615384615384,8.862637362637363,126,5.62584407612032,
C,C*04:07,5.802023373451946,6.225274725274725,0.5879120879120879,8.12087912087912,126,5.164781197930369,
C,C*06:27,5.775292168149311,5.983516483516484,1.010989010989011,9.280219780219781,126,5.591072524774182,
C,C*01:03,5.749607535321821,6.175824175824176,0.24725274725274726,8.335164835164836,126,5.565245987897923,
C,C*01:17,5.710666317809173,6.06043956043956,0.31868131868131866,8.093406593406593,126,5.52608962553714,
C,C*01:02,5.687903366474796,5.997252747252747,0.24725274725274726,8.412087912087912,126,5.503200912040692,
C,C*03:36,5.654369440083726,5.912087912087912,0.6648351648351648,8.489010989010989,126,5.016311496974481,
C,C*02:04,5.6227542298970885,5.521978021978022,1.065934065934066,8.307692307692308,126,5.43769183548189,
C,C*07:04,5.614250828536544,5.997252747252747,0.33516483516483514,8.291208791208792,126,5.429141454003332,
C,C*07:19,5.607709750566895,6.414835164835165,0.5164835164835165,8.840659340659341,126,5.422564237481365,
C,C*03:08,5.5995552066980645,6.052197802197803,0.5164835164835165,8.95054945054945,126,4.961194422520388,
C,C*07:10,5.574829931972791,6.351648351648352,0.5164835164835165,8.565934065934066,126,5.389502762430938,
C,C*07:72,5.526425954997383,6.335164835164835,0.25274725274725274,8.576923076923077,126,5.3408313601683775,
C,C*03:05,5.5154805511948375,5.686813186813187,0.6043956043956044,8.357142857142858,126,4.876655266158028,
C,C*07:60,5.504840397697542,5.741758241758242,1.379120879120879,9.214285714285714,126,5.319126545645883,
C,C*07:21,5.451770451770453,6.153846153846154,0.4065934065934066,8.478021978021978,126,5.26576339559765,
C,C*07:24,5.451770451770453,6.153846153846154,0.4065934065934066,8.478021978021978,126,5.26576339559765,
C,C*07:25,5.4322344322344325,6.241758241758242,0.15934065934065933,8.483516483516484,126,5.2461194422520405,
C,C*07:12,5.430708180708182,5.662087912087912,0.33516483516483514,7.956043956043956,126,5.244584758396912,
C,C*03:07,5.371315192743763,5.576923076923077,0.25274725274725274,9.038461538461538,126,4.731693414013856,
C,C*03:14,5.3420547706262,5.288461538461538,1.2197802197802199,8.505494505494505,126,4.702271332105585,
C,C*03:10,5.337214372928658,5.576923076923077,0.25274725274725274,8.785714285714286,126,4.69740419187933,
C,C*03:19,5.289464503750218,5.678571428571429,0.1978021978021978,8.43956043956044,126,4.649390511268964,
C,C*03:40,5.282705389848247,5.335164835164835,0.027472527472527472,8.087912087912088,126,4.642594054196265,
C,C*07:02,5.275684632827493,6.082417582417582,0.0,8.324175824175825,126,5.0887047268262755,
C,C*07:66,5.275684632827492,6.082417582417582,0.0,8.324175824175825,126,5.0887047268262755,
C,C*08:06,5.270887842316413,5.318681318681318,0.31868131868131866,7.928571428571429,126,5.083881434710164,
C,C*03:04,5.267530088958659,5.673076923076923,0.17582417582417584,8.434065934065934,126,4.627334911865298,
C,C*03:02,5.2668759811616965,5.335164835164835,0.027472527472527472,8.093406593406593,126,4.626677190213101,
C,C*07:13,5.266439909297054,6.107142857142857,0.12087912087912088,7.9945054945054945,126,5.079408927475225,
C,C*07:29,5.260509331937903,6.074175824175824,0.12087912087912088,7.934065934065934,126,5.073445584495306,
C,C*03:17,5.2526164311878585,5.25,0.554945054945055,8.307692307692308,126,4.612338858195213,
C,C*02:07,5.172117564974709,5.06043956043956,0.8021978021978022,7.791208791208791,126,4.9845654652284495,
C,C*07:22,5.163483342054769,5.914835164835165,0.33516483516483514,8.384615384615385,126,4.975883539419452,
C,C*07:05,5.161041339612768,5.785714285714286,0.4725274725274725,8.005494505494505,126,4.973428045251251,
C,C*05:14,5.138932496075355,5.302197802197802,0.3516483516483517,8.571428571428571,126,4.951197053406998,
C,C*03:09,5.137755102040816,5.497252747252747,0.17582417582417584,8.258241758241759,126,4.496842936069455,
C,C*04:03,5.100165707308564,4.975274725274725,0.5604395604395604,8.010989010989011,126,4.459045865123214,
C,C*07:17,5.092141984999129,5.747252747252747,0.33516483516483514,7.989010989010989,126,4.904148031219855,
C,C*05:10,5.089220303506019,5.252747252747253,0.5164835164835165,8.736263736263735,126,4.901210207840043,
C,C*06:07,5.07936507936508,5.263736263736264,0.29120879120879123,8.56043956043956,126,4.891300534946944,
C,C*06:08,5.0741322169893595,5.313186813186813,0.35714285714285715,8.521978021978022,126,4.886038761729369,
C,C*15:08,5.073347287633003,5.217032967032967,0.5604395604395604,8.60989010989011,126,4.885249495746734,
C,C*07:01,5.048403976975407,5.747252747252747,0.0,8.071428571428571,126,4.860168376742964,
C,C*07:06,5.048403976975407,5.747252747252747,0.0,8.071428571428571,126,4.860168376742963,
C,C*07:18,5.048403976975407,5.747252747252747,0.0,8.071428571428571,126,4.860168376742963,
C,C*07:40,5.0256410256410255,5.483516483516484,0.31868131868131866,8.153846153846153,126,4.837279663246513,
C,C*07:43,5.015524158381303,5.615384615384615,0.5164835164835165,8.071428571428571,126,4.827106901692538,
C,C*08:03,5.000087214372926,5.1291208791208796,0.31868131868131866,7.906593406593407,126,4.811584670700694,
C,C*07:07,4.970870399441826,5.115384615384615,1.456043956043956,8.148351648351648,126,4.782206436902569,
C,C*08:12,4.970521541950113,4.945054945054945,0.554945054945055,8.005494505494505,126,4.781855652021399,
C,C*03:35,4.96838478981336,5.156593406593407,0.5164835164835165,7.917582417582418,126,4.326536876260635,
C,C*02:06,4.9475841618698775,5.1401098901098905,1.2087912087912087,8.016483516483516,126,4.758791546084364,
C,C*04:06,4.9455346241060525,4.747252747252747,0.5604395604395604,7.950549450549451,126,4.303560466543892,
C,C*15:03,4.9414791557648705,4.96978021978022,0.31868131868131866,7.730769230769231,126,4.75265281066386,
C,C*05:05,4.9198499912785625,4.9945054945054945,0.17582417582417584,8.395604395604396,126,4.73090414803122,
C,C*15:02,4.91871620443049,4.950549450549451,0.0,8.04945054945055,126,4.729764097167412,
C,C*15:13,4.91871620443049,4.950549450549451,0.0,8.04945054945055,126,4.729764097167411,
C,C*15:09,4.911957090528521,4.989010989010989,0.45604395604395603,8.175824175824175,126,4.722967640094711,
C,C*15:05,4.902712366998082,4.8901098901098905,0.12087912087912088,8.104395604395604,126,4.713671840743663,
C,C*15:06,4.896781789638932,4.93956043956044,0.12087912087912088,8.043956043956044,126,4.707708497763747,
C,C*14:03,4.876940519797662,5.173076923076923,0.15934065934065933,7.395604395604396,126,4.68775760764711,
C,C*14:04,4.866780045351473,5.065934065934066,0.5714285714285714,7.318681318681318,126,4.677540997982987,
C,C*07:26,4.8506453863596715,5.093406593406593,0.8791208791208791,8.26923076923077,126,4.661317197228799,
C,C*15:11,4.847985347985348,4.785714285714286,0.8241758241758241,7.84065934065934,126,4.658642462509867,
C,C*06:09,4.836996336996336,4.868131868131868,0.978021978021978,8.247252747252746,126,4.647592738752959,
C,C*06:06,4.830019187162045,4.978021978021978,0.554945054945055,8.494505494505495,126,4.640577041129528,
C,C*12:12,4.816064887493457,5.010989010989011,0.6648351648351648,8.192307692307692,126,4.626545645882662,
C,C*15:07,4.814931100645388,4.914835164835165,0.7692307692307693,8.214285714285714,126,4.6254055950188535,
C,C*14:02,4.8099162742019885,5.126373626373627,0.0,7.236263736263736,126,4.620363062352013,
C,C*14:11,4.8099162742019885,5.126373626373627,0.0,7.236263736263736,126,4.620363062352013,
C,C*06:02,4.790467469038899,4.972527472527473,0.29120879120879123,8.26923076923077,126,4.600806805226695,
C,C*05:01,4.79007500436072,4.950549450549451,0.17582417582417584,8.219780219780219,126,4.600412172235378,
C,C*02:14,4.763038548752835,4.906593406593407,0.8791208791208791,7.752747252747253,126,4.573226343944574,
C,C*05:08,4.750523286237573,5.197802197802198,0.554945054945055,7.9945054945054945,126,4.560641936332545,
C,C*05:04,4.74354613640328,4.928571428571429,0.978021978021978,7.582417582417582,126,4.5536262387091115,
C,C*14:05,4.732208267922554,5.008241758241758,0.12087912087912088,7.115384615384615,126,4.542225730071034,
C,C*07:27,4.716378859236,5.313186813186813,0.4725274725274725,7.554945054945055,126,4.52630886608787,
C,C*08:05,4.709052851909994,4.829670329670329,0.31868131868131866,7.131868131868132,126,4.518942383583268,
C,C*08:02,4.686289900575615,4.785714285714286,0.31868131868131866,7.450549450549451,126,4.49605367008682,
C,C*06:04,4.6753881039595315,4.975274725274725,0.33516483516483514,7.934065934065934,126,4.485091642550207,
C,C*18:01,4.670024420024421,4.6401098901098905,0.0,8.038461538461538,126,4.479698325002192,
C,C*18:02,4.670024420024421,4.6401098901098905,0.0,8.038461538461538,126,4.479698325002192,
C,C*03:16,4.665227629513346,4.604395604395604,0.8131868131868132,7.28021978021978,126,4.021704814522494,
C,C*16:02,4.642246642246642,4.7967032967032965,0.7692307692307693,7.346153846153846,126,4.4517670788389,
C,C*12:13,4.641636141636143,4.835164835164835,0.489010989010989,8.016483516483516,126,4.451153205296851,
C,C*15:22,4.603567067852784,4.771978021978022,0.5164835164835165,7.587912087912088,126,4.412873805138998,
C,C*05:09,4.567852782138496,4.642857142857143,0.3076923076923077,7.912087912087912,126,4.376962202929054,
C,C*02:10,4.565279958137102,4.456043956043956,0.0,7.241758241758242,126,4.374375164430413,
C,C*02:02,4.5652799581371015,4.456043956043956,0.0,7.241758241758242,126,4.374375164430413,
C,C*16:01,4.538461538461537,4.516483516483516,0.7142857142857143,8.115384615384615,126,4.347408576690343,
C,C*15:04,4.536412000697715,4.532967032967033,0.45604395604395603,7.71978021978022,126,4.345347715513461,
C,C*08:04,4.531658817373103,4.631868131868131,0.23626373626373626,7.291208791208791,126,4.340568271507499,
C,C*02:08,4.498255712541426,4.478021978021978,0.15934065934065933,7.082417582417582,126,4.306980619135315,
C,C*08:10,4.4424821210535494,4.909340659340659,0.7692307692307693,6.961538461538462,126,4.250898886258002,
C,C*16:04,4.379208093493807,4.318681318681318,0.7142857142857143,8.434065934065934,126,4.187275278435499,
C,C*08:13,4.353523460666318,4.395604395604396,0.23626373626373626,7.054945054945055,126,4.16144874155924,
C,C*08:01,4.338697017268447,4.4423076923076925,0.0,7.21978021978022,126,4.146540384109445,
C,C*08:22,4.338697017268447,4.4423076923076925,0.0,7.21978021978022,126,4.146540384109445,
C,C*12:09,4.277080062794347,4.313186813186813,0.554945054945055,7.164835164835165,126,4.084583004472507,
C,C*12:04,4.260291296005581,4.445054945054945,0.31868131868131866,6.758241758241758,126,4.0677014820661235,
C,C*12:05,4.237528344671203,4.406593406593407,0.31868131868131866,7.076923076923077,126,4.044812768569676,
C,C*12:16,4.221132042560614,4.087912087912088,1.4230769230769231,7.082417582417582,126,4.028325879154609,
C,C*12:03,4.156506192220478,4.346153846153846,0.489010989010989,7.527472527472527,126,3.9633429799175657,
C,C*12:02,3.8722745508459795,3.8873626373626373,0.554945054945055,6.972527472527473,126,3.677540997982987,
