allele,locus,n_lost,n_retained,n_total,frac_lost,p,fdr
B*15:10,B,15,23,38,0.39473684210526316,0.2558750795433298,0.7765611272582152
A*02:06,A,31,43,74,0.4189189189189189,0.20067820312938567,0.7120839465881428
B*35:02,B,94,129,223,0.42152466367713004,0.022584267057569073,0.2727537152219809
B*08:01,B,320,424,744,0.43010752688172044,0.000155691882810063,0.008563053554553465
B*38:02,B,13,17,30,0.43333333333333335,0.5846647117286922,0.9365991642655003
B*40:02,B,56,72,128,0.4375,0.184682627059663,0.7059303451253635
B*13:01,B,14,18,32,0.4375,0.5966148958541453,0.9365991642655003
B*07:02,B,371,474,845,0.4390532544378698,0.0004433411472563961,0.016255842066067856
B*55:02,B,16,20,36,0.4444444444444444,0.617719317029696,0.9365991642655003
A*02:03,A,12,15,27,0.4444444444444444,0.7011080384254456,0.9405107832536465
B*07:05,B,41,51,92,0.44565217391304346,0.3481412903192068,0.8947649116634316
C*15:02,C,109,135,244,0.44672131147540983,0.10930711609979539,0.556795458848281
A*24:03,A,22,27,49,0.4489795918367347,0.5681724128491652,0.9365991642655003
B*14:02,B,218,265,483,0.45134575569358176,0.03623355466951927,0.3065916164343938
B*39:01,B,55,66,121,0.45454545454545453,0.3633632605480972,0.8947649116634316
B*45:01,B,36,43,79,0.45569620253164556,0.499896876860327,0.9365991642655003
A*01:01,A,636,748,1384,0.4595375722543353,0.0028346576454324106,0.062362468199513035
A*02:07,A,23,27,50,0.46,0.6718110337653656,0.9405107832536465
A*02:05,A,82,95,177,0.4632768361581921,0.367113844798025,0.8947649116634316
C*05:01,C,265,307,572,0.4632867132867133,0.08638542821064973,0.556795458848281
A*02:02,A,32,37,69,0.463768115942029,0.6304564917867981,0.9365991642655003
B*41:02,B,32,37,69,0.463768115942029,0.6304564917867981,0.9365991642655003
B*42:01,B,26,30,56,0.4642857142857143,0.6888797607233395,0.9405107832536465
B*41:01,B,47,54,101,0.46534653465346537,0.5507089135982716,0.9365991642655003
C*12:03,C,339,384,723,0.46887966804979253,0.10169438588220697,0.556795458848281
C*12:02,C,93,105,198,0.4696969696969697,0.4344463798742264,0.919021188195479
B*38:01,B,174,194,368,0.47282608695652173,0.32195988343873977,0.8692913660893171
A*02:01,A,1010,1113,2123,0.47574187470560525,0.026823835908950815,0.2727537152219809
B*35:03,B,81,89,170,0.4764705882352941,0.5914845888899743,0.9365991642655003
B*55:01,B,84,91,175,0.48,0.6502722402634356,0.9382134779114025
B*40:01,B,158,170,328,0.4817073170731707,0.5436682144932864,0.9365991642655003
C*07:02,C,473,507,980,0.4826530612244898,0.291811414646346,0.8230578361820016
B*58:02,B,14,15,29,0.4827586206896552,1.0,1.0
A*30:01,A,140,149,289,0.4844290657439446,0.638010758293051,0.9365991642655003
A*11:01,A,393,418,811,0.4845869297163995,0.39938016897976353,0.8965677262811018
A*69:01,A,20,21,41,0.4878048780487805,1.0,1.0
C*01:02,C,200,210,410,0.4878048780487805,0.6567494345379817,0.9382134779114025
C*07:01,C,589,618,1207,0.487986743993372,0.4202869249812569,0.9065012107438875
C*03:03,C,201,209,410,0.4902439024390244,0.7296108433491959,0.9616383765867038
A*74:01,A,31,32,63,0.49206349206349204,1.0,1.0
B*15:03,B,38,39,77,0.4935064935064935,1.0,1.0
B*52:01,B,95,97,192,0.4947916666666667,0.9424925696532237,1.0
B*37:01,B,64,65,129,0.49612403100775193,1.0,1.0
A*24:02,A,560,561,1121,0.49955396966993754,1.0,1.0
B*14:01,B,35,35,70,0.5,1.0,1.0
B*56:01,B,13,13,26,0.5,1.0,1.0
B*57:03,B,24,24,48,0.5,1.0,1.0
B*48:01,B,15,15,30,0.5,1.0,1.0
B*15:02,B,17,17,34,0.5,1.0,1.0
C*08:02,C,271,270,541,0.5009242144177449,1.0,1.0
A*23:01,A,173,172,345,0.5014492753623189,1.0,1.0
C*06:02,C,492,488,980,0.5020408163265306,0.9236608333230152,1.0
A*33:01,A,97,96,193,0.5025906735751295,1.0,1.0
A*32:01,A,216,213,429,0.5034965034965035,0.9230899076571998,1.0
C*03:02,C,54,53,107,0.5046728971962616,1.0,1.0
A*03:02,A,38,37,75,0.5066666666666667,1.0,1.0
C*04:01,C,759,737,1496,0.5073529411764706,0.587184391704636,0.9365991642655003
A*68:02,A,98,95,193,0.5077720207253886,0.8855779994131151,1.0
A*29:02,A,190,183,373,0.5093833780160858,0.7561007380825806,0.978483308106869
B*44:03,B,214,202,416,0.5144230769230769,0.5897196217503964,0.9365991642655003
B*27:05,B,115,107,222,0.5180180180180181,0.638590339271932,0.9365991642655003
B*15:17,B,40,37,77,0.5194805194805194,0.8198929037490488,1.0
C*17:01,C,120,111,231,0.5194805194805194,0.598733359610764,0.9365991642655003
B*35:01,B,247,228,475,0.52,0.4088891026870755,0.8995560259115661
C*07:04,C,76,70,146,0.5205479452054794,0.6791635203785477,0.9405107832536465
B*54:01,B,12,11,23,0.5217391304347826,1.0,1.0
C*14:02,C,96,88,184,0.5217391304347826,0.6059427533583801,0.9365991642655003
A*26:01,A,372,341,713,0.5217391304347826,0.2612069246232179,0.7765611272582152
A*03:01,A,670,612,1282,0.5226209048361935,0.11135909176965621,0.556795458848281
A*29:01,A,54,49,103,0.5242718446601942,0.6936859650244835,0.9405107832536465
C*02:10,C,41,37,78,0.5256410256410257,0.7343420330298466,0.9616383765867038
B*44:02,B,257,231,488,0.5266393442622951,0.25773928976677435,0.7765611272582152
C*02:02,C,206,182,388,0.5309278350515464,0.24291225113990822,0.7765611272582152
B*44:05,B,17,15,32,0.53125,0.860050065908581,1.0
C*03:04,C,272,240,512,0.53125,0.17061989929284205,0.7059303451253635
A*30:04,A,25,22,47,0.5319148936170213,0.7708669945730263,0.9859926674771267
B*50:01,B,73,64,137,0.5328467153284672,0.49444245243313445,0.9365991642655003
B*18:01,B,293,256,549,0.5336976320582878,0.12435211729153636,0.594727517481261
B*57:01,B,174,152,326,0.5337423312883436,0.24475391737771116,0.7765611272582152
B*13:02,B,152,129,281,0.5409252669039146,0.18928740289684148,0.7059303451253635
B*53:01,B,59,50,109,0.5412844036697247,0.4436695012023486,0.9194794733995153
A*33:03,A,116,98,214,0.5420560747663551,0.24513297056695993,0.7765611272582152
B*15:01,B,203,170,373,0.5442359249329759,0.09740956319282769,0.556795458848281
C*15:05,C,61,51,112,0.5446428571428571,0.39519335735782307,0.8965677262811018
C*16:01,C,186,155,341,0.5454545454545454,0.10411091126088681,0.556795458848281
C*08:03,C,12,10,22,0.5454545454545454,0.8318119049072266,1.0
C*07:06,C,82,68,150,0.5466666666666666,0.2884557489907642,0.8230578361820016
B*40:06,B,28,23,51,0.5490196078431373,0.5758493477318467,0.9365991642655003
B*39:06,B,22,18,40,0.55,0.6358280026288412,0.9365991642655003
A*30:02,A,116,94,210,0.5523809523809524,0.14712286360743598,0.6743131248674149
C*18:01,C,21,17,38,0.5526315789473685,0.6271025701571489,0.9365991642655003
C*08:01,C,45,36,81,0.5555555555555556,0.37417441760470777,0.8947649116634316
A*68:01,A,225,172,397,0.5667506297229219,0.00897493235408261,0.16454042649151454
A*31:01,A,156,119,275,0.5672727272727273,0.02975495075148882,0.2727537152219809
A*34:02,A,25,19,44,0.5681818181818182,0.4513808323961257,0.9194794733995153
B*35:08,B,33,25,58,0.5689655172413793,0.358143301806138,0.8947649116634316
B*51:01,B,251,186,437,0.5743707093821511,0.002166089821593411,0.059567470093818804
B*49:01,B,134,98,232,0.5775862068965517,0.02136780690184982,0.2727537152219809
B*15:16,B,18,13,31,0.5806451612903226,0.47312965989112854,0.9365991642655003
B*27:02,B,40,28,68,0.5882352941176471,0.1818100545355934,0.7059303451253635
C*16:02,C,35,24,59,0.5932203389830508,0.19252645776146274,0.7059303451253635
B*15:18,B,22,15,37,0.5945945945945946,0.3240086000878364,0.8692913660893171
A*66:01,A,48,30,78,0.6153846153846154,0.053544392168502264,0.42070593846680354
B*81:01,B,13,8,21,0.6190476190476191,0.38331031799316406,0.8965677262811018
B*58:01,B,109,55,164,0.6646341463414634,2.9946595084083455e-05,0.00329412545924918
B*67:01,B,14,7,21,0.6666666666666666,0.18924713134765625,0.7059303451253635
C*16:04,C,19,9,28,0.6785714285714286,0.08715855330228806,0.556795458848281
B*46:01,B,33,15,48,0.6875,0.01328328156224501,0.20873728169242162
C*04:03,C,17,7,24,0.7083333333333334,0.06391465663909912,0.46870748202006024
A*36:01,A,22,9,31,0.7096774193548387,0.029449373483657837,0.2727537152219809
