allele,locus,risk_rank,arm,engageability_A,z_HED,log_freq,supertype,logHR,SE_logHR
B*44:03,B,1,protective,0.5209757491165903,1.2257703101897635,-1.3872161432802645,B44,-0.4942963218147801,0.1915731508797886
B*07:02,B,1,protective,-0.6890184850840922,1.0040588454402957,-1.3746875490383261,B07,0.3001045924503381,0.1942385591043235
B*35:02,B,1,protective,0.9831271958166988,-0.6225145078927656,-1.899629454882437,B07,0.3001045924503381,0.1942385591043235
A*11:01,A,1,protective,0.0882972875668746,-0.36090879682245225,-1.0969100130080565,A03,0.3293037471426003,0.191035149891314
A*32:01,A,1,protective,-0.3189962190989945,0.5177162569910133,-1.494850021680094,A01,-0.1392620673335076,0.1912863582235945
A*66:01,A,1,protective,-0.515891248322044,0.11474369340302248,-2.1870866433571443,A03,0.3293037471426003,0.191035149891314
B*57:01,B,1,protective,0.8328206704226081,2.4555980547136103,-1.6038006529042637,B58,-0.0202027073175194,0.3328102882922509
A*03:01,A,4,protective,-1.154709610052221,-0.7939497209201646,-1.0939344552447632,A03,0.3293037471426003,0.191035149891314
B*52:01,B,5,risk,-0.2418936816769003,0.4621813881052723,-1.5718652059712113,B62,0.8285518175661483,0.2506666772462315
B*51:01,B,6,risk,0.024423482926807,0.548635499746117,-1.2584544832237907,B07,0.3001045924503381,0.1942385591043235
B*39:06,B,7,risk,-0.1326003260359117,0.02050101662113431,-2.2518119729937998,B27,0.0861776962410524,0.2049211121577477
B*15:02,B,7,risk,0.024423482926807,-0.06531415708095134,-1.596879478824182,B62,0.8285518175661483,0.2506666772462315
B*27:05,B,7,risk,0.8632261306412583,1.8984209380086607,-1.8239087409443189,B27,0.0861776962410524,0.2049211121577477
B*58:01,B,7,risk,0.8328206704226081,1.9095036069827753,-1.576754126063192,B58,-0.0202027073175194,0.3328102882922509
A*29:02,A,7,risk,0.2607564140407595,-0.5224158190197962,-1.7258421507363202,A01A24,-0.1165338162559515,0.3694607237622088
