allele,locus,p58,p62,p63,p65,p66,p68,p69,p70,p72,p73,p75,p76,p146,p149,p150,p151,p152,p154,p155,p157,p158,p159,p162,p163,p166,p167
A*01:01,A,E,Q,E,R,N,K,A,H,Q,T,R,A,K,A,V,H,A,E,Q,R,V,Y,G,R,D,G
A*01:02,A,E,Q,E,R,N,K,A,H,Q,T,R,A,K,A,V,H,A,E,Q,R,V,Y,G,R,D,G
A*01:03,A,E,Q,E,R,N,K,A,H,Q,T,R,A,K,A,V,H,A,E,Q,R,V,Y,G,R,D,G
A*01:06,A,E,Q,E,R,N,K,A,H,Q,T,R,A,K,A,V,H,A,E,Q,R,A,Y,G,R,D,G
A*01:09,A,E,Q,E,R,N,K,A,H,Q,T,R,A,K,A,V,H,A,E,Q,R,V,Y,G,R,D,G
A*01:12,A,E,Q,E,R,N,K,A,H,Q,T,R,A,K,A,A,H,V,E,Q,R,A,Y,G,T,D,G
A*01:17,A,E,Q,E,R,N,K,A,Q,Q,T,R,A,K,A,V,H,A,E,Q,R,V,Y,G,R,D,G
A*01:25,A,E,Q,E,R,N,K,A,H,Q,T,R,A,K,A,V,H,A,E,Q,R,V,Y,G,R,D,G
A*02:01,A,E,G,E,R,K,K,A,H,Q,T,R,V,K,A,A,H,V,E,Q,R,A,Y,G,T,E,W
A*02:02,A,E,G,E,R,K,K,A,H,Q,T,R,V,K,A,A,H,V,E,Q,R,A,Y,G,T,E,W
A*02:03,A,E,G,E,R,K,K,A,H,Q,T,R,V,K,T,A,H,E,E,Q,R,A,Y,G,T,E,W
A*02:04,A,E,G,E,R,K,K,A,H,Q,T,R,V,K,A,A,H,V,E,Q,R,A,Y,G,T,E,W
A*02:05,A,E,G,E,R,K,K,A,H,Q,T,R,V,K,A,A,H,V,E,Q,R,A,Y,G,T,E,W
A*02:06,A,E,G,E,R,K,K,A,H,Q,T,R,V,K,A,A,H,V,E,Q,R,A,Y,G,T,E,W
A*02:07,A,E,G,E,R,K,K,A,H,Q,T,R,V,K,A,A,H,V,E,Q,R,A,Y,G,T,E,W
A*02:08,A,E,G,E,R,N,K,A,H,Q,T,R,V,K,A,A,H,V,E,Q,R,A,Y,G,T,E,W
A*02:09,A,E,G,E,R,K,K,A,H,Q,T,R,V,K,A,A,H,V,E,Q,R,A,Y,G,T,E,W
A*02:10,A,E,G,E,R,K,K,A,H,Q,T,R,V,K,A,A,H,V,E,Q,R,A,Y,G,T,E,W
A*02:11,A,E,G,E,R,K,K,A,H,Q,I,R,V,K,A,A,H,V,E,Q,R,A,Y,G,T,E,W
A*02:12,A,E,G,E,R,K,K,A,H,Q,T,R,V,K,A,A,H,V,E,Q,R,A,Y,G,T,E,W
A*02:122,A,E,G,E,R,K,K,A,H,Q,T,R,V,K,A,A,H,V,E,Q,R,A,Y,G,T,E,W
A*02:123,A,E,G,E,R,K,K,A,H,Q,T,R,V,K,A,A,H,V,E,Q,R,A,Y,G,T,E,W
A*02:13,A,E,G,E,R,K,K,A,H,Q,T,R,V,K,A,A,H,E,E,Q,R,A,Y,G,T,E,W
A*02:131,A,E,G,E,R,K,K,A,H,Q,T,R,V,K,A,A,H,V,E,Q,R,A,Y,G,E,E,W
A*02:137,A,E,G,E,R,K,K,A,H,Q,T,R,V,K,A,A,H,V,E,Q,R,A,Y,G,T,E,W
A*02:14,A,E,G,E,R,K,K,A,H,Q,T,R,V,K,A,A,H,V,E,Q,R,A,Y,G,T,E,W
A*02:16,A,E,G,E,R,K,K,A,H,Q,T,R,V,K,A,A,H,V,E,Q,R,A,Y,G,E,E,W
A*02:17,A,E,G,E,R,K,K,A,H,Q,T,R,V,K,A,A,H,V,E,Q,R,A,Y,G,T,E,W
A*02:18,A,E,G,E,R,K,K,A,H,Q,T,R,V,K,A,A,H,V,E,Q,R,A,Y,G,T,E,W
A*02:19,A,E,G,E,R,K,K,A,H,Q,T,R,V,K,A,A,H,V,E,Q,R,A,Y,G,T,D,G
A*02:20,A,E,G,E,R,N,K,A,H,Q,T,R,V,K,A,A,H,V,E,Q,R,A,Y,G,T,E,W
A*02:21,A,E,G,E,R,K,K,A,H,Q,T,R,V,K,A,A,H,V,E,Q,R,A,Y,G,T,E,W
A*02:22,A,E,G,E,R,K,K,A,H,Q,T,R,V,K,A,A,H,V,E,Q,R,A,Y,G,T,E,W
A*02:24,A,E,G,E,R,K,K,A,H,Q,T,R,V,K,A,A,H,V,E,Q,R,A,Y,G,T,E,W
A*02:27,A,E,G,E,R,K,K,A,H,Q,T,R,V,K,A,A,H,A,E,Q,R,A,Y,G,T,E,W
A*02:29,A,E,G,E,R,Q,K,A,H,Q,T,R,V,K,A,A,H,V,E,Q,R,A,Y,G,T,E,W
A*02:30,A,E,G,E,R,K,K,A,H,Q,T,R,V,K,A,A,H,V,E,Q,R,A,Y,G,T,E,W
A*02:33,A,E,G,E,R,K,K,A,H,Q,T,R,V,K,A,A,H,V,E,Q,R,A,Y,G,T,E,W
A*02:34,A,E,G,E,R,K,K,A,Q,Q,T,R,V,K,A,A,H,V,E,Q,R,A,Y,G,T,E,W
A*02:35,A,E,G,E,R,K,K,A,Q,Q,T,R,V,K,A,A,H,V,E,Q,R,A,Y,G,T,E,W
A*02:36,A,E,G,E,R,K,K,A,H,Q,T,R,V,K,A,A,H,V,E,Q,R,A,Y,G,T,D,G
A*02:38,A,E,G,E,R,K,K,A,H,Q,T,R,V,K,T,A,H,E,E,Q,R,A,Y,G,R,E,W
A*02:39,A,E,G,E,R,K,K,A,H,Q,T,R,V,K,A,A,H,V,E,Q,R,A,Y,G,T,E,W
A*02:44,A,E,G,E,R,K,K,A,H,Q,T,R,V,K,A,A,H,V,E,Q,R,A,Y,G,T,E,W
A*02:45,A,E,Q,E,R,K,K,A,H,Q,T,R,V,K,A,A,H,V,E,Q,R,A,Y,G,T,E,W
A*02:49,A,E,G,E,R,K,K,A,H,Q,T,R,V,K,A,A,H,V,E,Q,R,A,Y,G,T,E,W
A*02:58,A,E,G,E,R,K,K,A,H,Q,T,R,V,K,A,A,H,V,E,Q,R,A,Y,G,T,E,W
A*02:60,A,E,G,E,R,K,K,A,H,Q,T,R,V,K,A,A,H,V,E,Q,R,A,Y,G,T,E,W
A*02:63,A,E,G,E,R,K,K,A,H,Q,T,R,V,K,A,A,H,V,E,Q,R,A,Y,G,T,E,W
A*02:64,A,E,G,E,R,K,K,A,H,Q,T,R,V,K,A,A,H,V,E,Q,R,A,Y,G,T,E,W
A*02:74,A,E,G,E,R,K,K,A,H,Q,T,R,V,K,A,A,H,V,E,Q,R,A,Y,G,T,E,W
A*02:84,A,E,G,E,R,K,K,A,H,Q,T,R,V,K,A,A,H,V,E,Q,R,A,Y,G,T,E,W
A*02:85,A,E,G,E,R,K,K,A,H,Q,T,R,V,K,V,A,H,V,E,Q,R,A,Y,G,T,E,W
A*02:86,A,E,G,E,R,K,K,A,H,Q,T,R,V,K,A,A,H,V,E,Q,R,A,Y,G,T,E,W
A*02:87,A,E,G,E,R,K,K,A,H,Q,T,R,E,K,A,A,H,V,E,Q,R,A,Y,G,T,E,W
A*02:93,A,E,G,E,R,K,K,A,H,Q,T,R,V,K,A,A,H,V,E,Q,R,A,Y,G,T,E,W
A*02:96,A,E,G,E,R,K,K,A,H,Q,T,R,V,K,A,A,H,V,E,Q,R,A,Y,G,T,E,W
A*03:01,A,E,Q,E,R,N,K,A,Q,Q,T,R,V,K,A,A,H,E,E,Q,R,A,Y,G,T,E,W
A*03:02,A,E,Q,E,R,N,K,A,Q,Q,T,R,V,K,A,A,H,V,E,Q,R,A,Y,G,T,E,W
A*03:05,A,E,Q,E,R,N,K,A,Q,Q,T,R,V,K,A,A,H,E,E,Q,R,A,Y,G,T,E,W
A*03:06,A,E,Q,E,R,N,K,A,Q,Q,T,R,V,K,A,A,H,E,E,Q,R,A,Y,A,T,E,W
A*03:07,A,E,Q,E,R,N,K,A,Q,Q,T,R,V,K,A,A,H,V,E,Q,R,A,Y,G,T,E,W
A*03:08,A,E,Q,E,R,N,K,A,H,Q,T,R,V,K,A,A,H,E,E,Q,R,A,Y,G,T,E,W
A*03:09,A,E,Q,E,R,N,K,A,Q,Q,T,R,V,K,A,A,H,E,E,Q,R,A,Y,G,T,E,W
A*03:108,A,E,Q,E,R,N,K,A,H,Q,T,R,V,K,A,A,H,E,E,Q,R,A,Y,G,T,E,W
A*03:17,A,E,Q,E,R,N,K,A,Q,Q,T,R,V,K,A,A,H,E,E,Q,R,A,Y,G,T,E,W
A*03:22,A,E,Q,E,R,N,K,A,Q,Q,T,R,V,K,A,A,H,E,E,Q,R,A,Y,G,T,E,W
A*03:26,A,E,Q,E,R,N,K,A,Q,Q,T,R,V,K,A,A,H,E,E,Q,R,A,Y,G,T,E,W
A*11:01,A,E,Q,E,R,N,K,A,Q,Q,T,R,V,K,A,A,H,A,E,Q,R,A,Y,G,R,E,W
A*11:02,A,E,Q,E,R,N,K,A,Q,Q,T,R,V,K,A,A,H,A,E,Q,R,A,Y,G,R,E,W
A*11:03,A,E,Q,E,R,N,K,A,Q,Q,T,R,V,K,A,A,R,E,E,Q,R,A,Y,G,R,E,W
A*11:04,A,E,Q,E,R,N,K,A,Q,Q,T,R,V,K,A,A,H,A,E,Q,R,A,Y,G,T,E,W
A*11:05,A,E,Q,E,R,N,K,A,Q,Q,T,R,V,K,A,A,H,A,E,Q,R,A,Y,G,R,E,W
A*11:08,A,E,Q,E,R,N,K,A,Q,Q,T,R,V,K,A,A,H,E,E,Q,R,A,Y,G,R,E,W
A*11:09,A,E,Q,E,R,N,K,A,Q,Q,T,R,V,K,A,A,H,A,E,Q,R,A,Y,G,R,E,W
A*11:10,A,E,R,N,R,N,K,A,Q,Q,T,R,V,K,A,A,H,A,E,Q,R,A,Y,G,R,E,W
A*11:12,A,E,Q,E,R,N,K,A,Q,Q,T,R,V,K,A,A,H,A,E,Q,R,A,Y,G,R,E,W
A*11:19,A,E,Q,E,R,N,K,A,H,Q,T,R,V,K,A,A,H,A,E,Q,R,A,Y,G,R,E,W
A*11:29,A,E,Q,E,R,N,K,A,Q,Q,T,R,V,K,A,A,H,A,E,Q,R,A,Y,G,R,E,W
A*11:30,A,E,Q,E,R,N,K,A,Q,Q,T,R,V,K,A,A,H,A,E,Q,R,A,Y,G,R,E,W
A*23:01,A,E,E,E,G,K,K,A,H,Q,T,R,E,K,A,A,R,V,E,Q,R,A,Y,G,T,D,G
A*23:03,A,E,E,E,G,K,K,A,H,Q,T,R,E,K,A,A,R,V,E,Q,R,A,Y,G,T,D,G
A*23:04,A,E,E,E,G,K,K,A,H,Q,T,R,E,K,A,A,R,V,E,Q,R,A,Y,G,T,E,W
A*23:05,A,E,E,E,G,K,K,A,H,Q,T,R,E,K,A,A,R,V,E,Q,R,A,Y,G,T,D,G
A*23:06,A,E,E,E,G,K,K,A,H,Q,T,R,E,K,A,A,R,V,E,Q,R,A,Y,G,T,D,G
A*23:13,A,E,E,E,G,K,K,A,Q,Q,T,R,E,K,A,A,R,V,E,Q,R,A,Y,G,T,D,G
A*23:15,A,E,E,E,G,K,K,A,H,Q,T,R,E,K,A,A,R,V,E,Q,R,A,Y,G,T,D,G
A*23:17,A,E,E,E,G,K,K,A,H,Q,T,R,E,K,A,A,R,V,E,Q,R,A,Y,G,T,D,G
A*24:02,A,E,E,E,G,K,K,A,H,Q,T,R,E,K,A,A,H,V,E,Q,R,A,Y,G,T,D,G
A*24:03,A,E,E,E,G,K,K,A,H,Q,T,R,E,K,A,A,H,V,E,Q,R,A,Y,G,T,E,W
A*24:04,A,E,E,E,G,K,K,A,H,Q,T,R,A,K,A,A,H,V,E,Q,R,A,Y,G,T,D,G
A*24:05,A,E,E,E,G,K,K,A,H,Q,T,R,E,K,A,A,H,V,E,Q,R,A,Y,G,T,D,G
A*24:06,A,E,E,E,G,K,K,A,H,Q,T,R,E,K,A,A,H,V,E,Q,R,A,Y,G,T,D,G
A*24:07,A,E,E,E,G,K,K,A,Q,Q,T,R,E,K,A,A,H,V,E,Q,R,A,Y,G,T,D,G
A*24:08,A,E,G,E,R,K,K,A,H,Q,T,R,E,K,A,A,H,V,E,Q,R,A,Y,G,T,D,G
A*24:10,A,E,E,E,G,K,K,A,H,Q,T,R,E,K,A,A,H,V,E,Q,R,A,Y,G,R,E,W
A*24:13,A,E,E,E,G,K,K,A,H,Q,T,R,E,K,A,A,H,V,E,Q,R,A,Y,G,T,D,G
A*24:14,A,E,E,E,G,K,K,A,H,Q,T,R,E,K,A,A,H,V,E,Q,R,A,Y,G,T,D,G
A*24:17,A,E,E,E,G,K,K,A,H,Q,T,R,E,K,A,A,H,V,E,Q,R,A,Y,G,T,D,G
A*24:20,A,E,E,E,G,K,K,A,H,Q,T,R,E,K,A,A,H,V,E,Q,R,A,Y,G,T,D,G
A*24:22,A,E,E,E,G,K,K,A,H,Q,T,R,E,K,A,A,H,V,E,Q,R,V,Y,G,T,E,W
A*24:23,A,E,E,E,G,K,K,A,H,Q,T,R,E,K,A,A,H,V,E,Q,R,A,Y,G,T,D,W
A*24:25,A,E,E,E,G,K,K,A,H,Q,T,R,E,K,A,A,H,V,E,Q,R,A,Y,G,T,D,G
A*24:26,A,E,E,E,G,K,K,A,H,Q,T,R,E,K,A,A,H,V,E,Q,R,A,Y,G,T,D,G
A*24:29,A,E,E,E,R,K,K,A,H,Q,T,R,E,K,A,A,H,V,E,Q,R,A,Y,G,T,D,G
A*24:30,A,E,E,E,G,K,K,A,H,Q,T,R,E,K,A,A,H,V,E,Q,R,A,Y,G,T,D,G
A*24:31,A,E,E,Q,G,K,K,A,H,Q,T,R,E,K,A,A,H,V,E,Q,R,A,Y,G,T,D,G
A*24:32,A,E,E,E,G,K,K,A,H,Q,T,R,E,K,A,A,H,V,E,Q,R,A,Y,G,T,D,G
A*24:33,A,E,E,E,G,K,K,A,H,Q,T,R,E,K,A,A,H,V,E,Q,R,A,Y,G,T,E,W
A*24:35,A,E,E,E,G,K,K,A,H,Q,T,R,E,K,A,A,H,V,E,Q,R,A,Y,G,T,D,G
A*24:37,A,E,E,E,G,K,K,A,H,Q,T,R,E,K,A,A,H,V,E,Q,R,A,Y,G,T,D,G
A*24:47,A,E,E,E,G,K,K,A,H,Q,T,R,E,K,A,A,H,V,E,Q,R,A,Y,G,T,D,G
A*24:53,A,E,E,E,G,K,K,A,H,Q,T,R,E,K,A,A,H,V,E,Q,R,A,Y,G,T,D,G
A*24:56,A,E,E,E,G,K,K,A,H,Q,T,R,E,K,A,A,H,E,E,Q,R,A,Y,G,T,D,G
A*24:57,A,E,E,E,G,K,K,A,H,Q,T,R,E,K,A,A,H,V,E,Q,R,A,Y,G,T,D,G
A*24:58,A,E,E,E,G,K,K,A,H,Q,T,R,E,K,A,A,H,V,E,Q,R,A,Y,G,T,D,G
A*24:72,A,E,E,E,G,K,K,A,H,Q,T,R,E,K,A,A,H,V,E,Q,R,A,Y,G,T,D,G
A*24:81,A,E,E,E,G,K,K,A,H,Q,T,R,E,K,A,A,H,V,E,Q,R,A,Y,G,T,D,G
A*24:95,A,E,E,E,G,K,K,A,H,Q,T,R,E,K,A,A,H,V,E,Q,R,A,Y,G,T,D,G
A*25:01,A,E,R,N,R,N,K,A,H,Q,T,R,E,K,T,A,H,E,E,Q,R,A,Y,G,R,E,W
A*25:02,A,E,R,N,R,N,K,A,Q,Q,T,R,E,K,T,A,H,E,E,Q,R,A,Y,G,R,E,W
A*26:01,A,E,R,N,R,N,K,A,H,Q,T,R,A,K,T,A,H,E,E,Q,R,A,Y,G,R,E,W
A*26:02,A,E,R,N,R,N,K,A,H,Q,T,R,A,K,T,A,H,E,E,Q,R,A,Y,G,R,E,W
A*26:03,A,E,R,N,R,N,K,A,H,Q,T,R,V,K,T,A,H,E,E,Q,R,A,Y,G,R,E,W
A*26:07,A,E,G,E,R,K,K,A,H,Q,T,R,A,K,T,A,H,E,E,Q,R,A,Y,G,R,E,W
A*26:08,A,E,R,N,R,N,K,A,H,Q,T,R,A,K,T,A,H,E,E,Q,R,A,Y,G,R,E,W
A*26:09,A,E,R,N,R,N,K,A,H,Q,T,R,A,K,T,A,H,E,E,Q,R,A,Y,G,T,E,W
A*26:12,A,E,R,N,R,N,K,A,H,Q,T,R,A,K,T,A,H,V,E,Q,R,A,Y,G,R,E,W
A*26:13,A,E,R,N,R,N,K,A,Q,Q,T,R,A,K,T,A,H,E,E,Q,R,A,Y,G,R,E,W
A*26:14,A,E,R,N,R,N,K,A,H,Q,T,R,A,K,A,A,H,E,E,Q,R,A,Y,G,R,E,W
A*26:15,A,E,R,N,R,N,K,A,H,Q,T,R,A,K,T,A,H,E,E,Q,R,A,Y,G,R,E,W
A*26:16,A,E,R,N,R,N,K,A,H,Q,T,R,A,K,T,A,H,E,E,Q,R,A,Y,G,R,E,W
A*26:17,A,E,R,N,R,N,K,A,H,Q,T,R,A,K,T,A,H,E,E,Q,R,A,Y,G,R,E,W
A*26:18,A,E,R,N,R,N,K,A,H,Q,T,R,A,K,A,A,R,V,E,Q,R,A,Y,G,R,E,W
A*26:20,A,E,R,N,R,N,K,A,H,Q,T,R,A,K,T,A,H,E,E,Q,R,A,Y,G,R,E,W
A*26:31,A,E,P,N,R,N,K,A,H,Q,T,R,A,K,T,A,H,E,E,Q,R,A,Y,G,R,E,W
A*29:01,A,E,L,Q,R,N,K,A,Q,Q,T,R,A,K,A,A,R,V,E,Q,R,A,Y,G,T,E,W
A*29:02,A,E,L,Q,R,N,K,A,Q,Q,T,R,A,K,A,A,R,V,E,Q,R,A,Y,G,T,E,W
A*29:04,A,E,L,Q,R,H,K,A,Q,Q,T,R,A,K,A,A,R,V,E,Q,R,A,Y,G,T,E,W
A*29:09,A,E,L,Q,R,N,K,A,Q,Q,T,R,A,K,A,A,R,V,E,Q,R,A,Y,G,T,E,W
A*29:10,A,E,L,Q,R,N,K,A,Q,Q,T,R,A,K,A,A,R,V,E,Q,R,A,Y,G,T,E,W
A*29:12,A,E,L,Q,R,N,K,A,Q,Q,T,R,A,K,A,A,R,V,E,Q,R,A,Y,G,T,E,W
A*30:01,A,E,Q,E,R,N,K,A,Q,Q,T,R,V,K,A,A,R,W,E,Q,R,A,Y,G,T,E,W
A*30:02,A,E,Q,E,R,N,K,A,H,Q,T,R,E,K,A,A,R,R,E,Q,R,A,Y,G,T,E,W
A*30:03,A,E,Q,E,R,N,K,A,H,Q,T,R,E,K,A,A,R,R,E,Q,R,A,Y,G,T,E,W
A*30:04,A,E,Q,E,R,N,K,A,H,Q,T,R,E,K,A,A,H,V,E,Q,R,A,Y,G,T,E,W
A*30:07,A,E,E,E,G,K,K,A,H,Q,T,R,E,K,A,A,R,R,E,Q,R,A,Y,G,T,E,W
A*30:08,A,E,Q,E,R,N,K,A,Q,Q,T,R,V,K,A,A,R,W,E,Q,R,A,Y,G,T,E,W
A*30:09,A,E,Q,E,R,N,K,A,H,Q,T,R,E,K,A,A,R,V,E,Q,R,A,Y,G,T,E,W
A*30:10,A,E,Q,E,R,N,K,A,H,Q,T,R,E,K,A,A,R,R,E,Q,R,A,Y,G,T,E,W
A*30:11,A,E,Q,E,R,N,K,A,Q,Q,T,R,V,K,A,A,R,W,E,Q,R,A,Y,G,T,E,W
A*30:15,A,E,Q,E,R,N,K,A,Q,Q,T,R,V,K,A,A,R,W,E,Q,R,A,Y,G,T,E,W
A*30:16,A,E,Q,E,R,N,K,A,Q,Q,T,R,V,K,A,A,R,W,E,Q,R,A,Y,G,T,E,W
A*31:01,A,E,Q,E,R,N,K,A,H,Q,I,R,V,K,A,A,R,V,E,Q,R,A,Y,G,T,E,W
A*31:02,A,E,Q,E,R,K,K,A,H,Q,I,R,V,K,A,A,R,V,E,Q,R,A,Y,G,T,E,W
A*31:04,A,E,Q,E,R,N,K,A,H,Q,I,R,V,K,A,A,R,V,E,Q,R,A,Y,G,T,E,W
A*31:06,A,E,Q,E,R,N,K,A,H,Q,I,R,V,K,A,A,R,V,E,Q,R,A,Y,G,T,E,W
A*31:08,A,E,E,E,G,K,K,A,H,Q,T,R,E,K,A,A,R,V,E,Q,R,A,Y,G,T,E,W
A*31:09,A,E,Q,E,R,N,K,G,H,Q,I,R,V,K,A,A,R,V,E,Q,R,A,Y,G,T,E,W
A*31:11,A,E,Q,E,R,N,K,A,H,Q,I,R,V,K,A,A,R,V,E,Q,R,A,Y,G,T,E,W
A*31:12,A,E,Q,E,R,N,K,A,H,Q,I,R,V,K,A,A,R,V,E,Q,R,A,Y,G,T,E,W
A*31:13,A,E,Q,E,R,N,K,A,H,Q,I,R,V,K,A,A,R,V,E,Q,R,A,Y,G,T,E,W
A*31:15,A,E,Q,E,R,N,K,A,R,Q,I,R,V,K,A,A,R,V,E,Q,R,A,Y,G,T,E,W
A*31:16,A,E,Q,E,R,N,K,A,H,Q,I,R,V,K,A,A,R,V,E,Q,R,A,Y,G,T,E,W
A*31:18,A,E,Q,E,R,N,K,A,H,Q,I,R,V,K,A,A,R,V,E,Q,R,A,Y,G,T,E,R
A*31:20,A,E,Q,E,R,N,K,A,H,Q,I,R,V,K,A,A,R,V,E,Q,R,A,Y,G,T,E,W
A*32:01,A,E,Q,E,R,N,K,A,H,Q,T,R,E,K,A,A,R,V,E,Q,R,A,Y,G,T,E,W
A*32:02,A,E,Q,E,R,N,K,A,H,Q,T,R,E,K,A,A,H,V,E,Q,R,A,Y,G,T,E,W
A*32:03,A,E,Q,E,R,N,K,A,H,Q,T,R,E,K,A,A,R,V,E,Q,R,A,Y,G,T,E,W
A*32:04,A,E,Q,E,R,N,K,A,H,Q,T,R,E,K,A,A,H,E,E,Q,R,A,Y,G,T,E,W
A*32:06,A,E,Q,E,R,N,K,A,H,Q,T,R,E,K,A,A,H,V,E,Q,R,A,Y,G,T,E,W
A*32:07,A,E,Q,E,R,N,K,A,H,Q,T,R,E,K,A,A,R,V,E,Q,R,A,Y,G,T,E,W
A*32:08,A,E,Q,E,R,N,K,A,H,Q,T,R,E,K,A,A,R,V,E,Q,R,A,Y,G,T,E,W
A*33:01,A,E,R,N,R,N,K,A,H,Q,I,R,V,K,A,A,R,V,E,Q,R,A,Y,G,T,E,W
A*33:03,A,E,R,N,R,N,K,A,H,Q,I,R,V,K,A,A,R,V,E,Q,R,A,Y,G,T,E,W
A*33:05,A,E,R,N,R,N,K,A,H,Q,I,R,V,K,A,A,R,V,E,Q,R,A,Y,G,T,E,W
A*33:09,A,E,G,E,R,N,K,A,H,Q,I,R,V,K,A,A,R,V,E,Q,R,A,Y,G,T,E,W
A*34:01,A,E,R,N,R,K,K,A,Q,Q,T,R,V,K,T,A,H,E,E,Q,R,A,Y,G,T,E,W
A*34:02,A,E,R,N,R,N,K,A,Q,Q,T,R,V,K,T,A,H,E,E,Q,R,A,Y,G,T,E,W
A*34:05,A,E,R,N,R,K,K,A,Q,Q,T,R,V,K,T,A,H,E,E,Q,R,A,Y,G,T,E,W
A*36:01,A,E,Q,E,R,N,K,A,H,Q,T,R,A,K,A,V,H,A,E,Q,R,V,Y,G,T,E,W
A*36:02,A,E,Q,E,R,N,K,A,H,Q,T,R,A,K,A,V,H,A,E,Q,R,A,Y,G,T,E,W
A*36:03,A,E,Q,E,R,N,K,A,H,Q,T,R,A,K,A,V,H,A,E,Q,R,V,Y,G,T,E,W
A*36:04,A,E,Q,E,R,N,K,A,H,Q,T,R,A,K,A,V,H,A,E,Q,R,V,Y,G,R,E,W
A*43:01,A,E,L,Q,R,N,K,A,H,Q,T,R,A,K,T,A,H,E,E,Q,R,A,Y,G,R,E,W
A*66:01,A,E,R,N,R,N,K,A,Q,Q,T,R,V,K,T,A,H,E,E,Q,R,A,Y,G,R,E,W
A*66:02,A,E,R,N,R,N,K,A,Q,Q,T,R,V,K,T,A,H,E,E,Q,R,A,Y,G,E,E,W
A*66:03,A,E,R,N,R,N,K,A,H,Q,T,R,V,K,T,A,H,E,E,Q,R,A,Y,G,E,E,W
A*66:04,A,E,R,N,R,N,K,A,Q,Q,T,R,V,K,T,A,H,E,E,Q,R,A,Y,G,R,E,W
A*68:01,A,E,R,N,R,N,K,A,Q,Q,T,R,V,K,A,A,H,V,E,Q,R,A,Y,G,T,E,W
A*68:02,A,E,R,N,R,N,K,A,Q,Q,T,R,V,K,A,A,H,V,E,Q,R,A,Y,G,T,E,W
A*68:03,A,E,R,N,R,N,K,A,H,Q,T,R,V,K,A,A,H,V,E,Q,R,A,Y,G,T,E,W
A*68:05,A,E,R,N,R,N,K,A,H,Q,T,R,V,K,A,A,H,V,E,Q,R,A,Y,G,T,E,W
A*68:06,A,E,R,N,R,N,K,A,Q,Q,T,R,V,K,A,A,H,V,E,Q,R,A,Y,G,T,E,W
A*68:07,A,E,R,N,R,N,K,A,Q,Q,T,R,V,K,A,A,H,V,E,Q,R,A,Y,G,T,E,W
A*68:08,A,E,R,N,R,N,K,A,Q,Q,T,R,V,K,A,A,H,V,E,Q,R,A,Y,G,T,E,W
A*68:10,A,E,E,E,R,N,K,A,Q,Q,T,R,V,K,A,A,H,V,E,Q,R,A,Y,G,T,E,W
A*68:12,A,E,R,N,R,N,K,A,Q,Q,T,R,V,K,A,A,H,V,E,Q,R,A,Y,G,T,E,W
A*68:15,A,E,R,N,R,N,K,A,H,Q,T,R,V,K,A,A,H,V,E,Q,R,A,Y,G,T,E,W
A*68:17,A,E,R,N,R,N,K,A,Q,Q,T,R,V,K,A,A,H,V,E,Q,R,A,Y,G,T,E,W
A*68:20,A,E,R,N,R,N,K,A,H,Q,T,R,V,K,A,A,H,V,E,Q,R,A,Y,G,T,E,W
A*68:22,A,E,R,N,R,N,K,A,Q,Q,T,R,V,K,A,A,H,V,E,Q,R,A,Y,G,T,E,W
A*68:24,A,E,R,N,R,N,R,A,Q,Q,T,R,V,K,A,A,H,V,E,Q,R,A,Y,G,T,E,W
A*68:25,A,E,R,N,R,N,K,A,Q,Q,T,R,V,K,A,A,H,V,E,Q,R,A,Y,G,T,E,W
A*68:27,A,E,R,N,R,N,K,A,Q,Q,T,R,V,K,A,A,H,V,E,Q,R,A,Y,G,T,E,W
A*68:30,A,E,G,E,R,N,K,A,Q,Q,T,R,V,K,A,A,H,V,E,Q,R,A,Y,G,T,E,W
A*68:31,A,E,R,N,R,N,K,A,H,Q,T,R,V,K,A,A,H,V,E,Q,R,A,Y,G,T,E,W
A*68:35,A,E,R,N,R,N,K,A,Q,Q,T,R,V,K,A,A,H,V,E,Q,R,A,Y,G,T,E,W
A*68:37,A,E,R,N,R,N,K,A,Q,Q,T,R,V,K,A,A,H,V,E,Q,R,A,Y,G,T,E,W
A*68:40,A,E,R,N,R,N,K,G,Q,Q,T,R,V,K,A,A,H,V,E,Q,R,A,Y,G,T,E,W
A*69:01,A,E,R,N,R,N,K,A,Q,Q,T,R,V,K,A,A,H,V,E,Q,R,A,Y,G,T,E,W
A*74:01,A,E,Q,E,R,N,K,A,H,Q,T,R,V,K,A,A,R,V,E,Q,R,A,Y,G,T,E,W
A*74:03,A,E,Q,E,R,N,K,A,H,Q,T,R,V,K,A,A,R,V,E,Q,R,A,Y,G,T,E,W
A*74:05,A,E,Q,E,R,N,K,A,H,Q,A,R,V,K,A,A,R,V,E,Q,R,A,Y,G,T,E,W
A*74:06,A,E,Q,E,R,N,K,A,H,Q,T,R,V,K,A,A,R,V,E,Q,R,A,Y,G,T,E,W
A*74:09,A,E,Q,E,R,N,K,A,H,Q,T,R,V,K,A,A,R,V,E,Q,R,A,Y,G,T,E,W
A*74:11,A,E,Q,E,R,N,K,A,H,Q,T,R,V,K,A,A,R,V,E,Q,R,A,Y,G,T,E,W
A*80:01,A,E,E,E,R,N,K,A,H,Q,T,R,A,K,A,A,R,R,E,Q,R,A,Y,G,E,D,G
B*07:02,B,E,R,N,Q,I,K,A,Q,Q,T,R,E,K,A,A,R,E,E,Q,R,A,Y,G,E,E,W
B*07:03,B,E,R,N,Q,I,K,T,N,Q,T,R,E,K,A,A,R,E,E,Q,R,A,Y,G,E,E,W
B*07:04,B,E,R,N,Q,I,K,A,Q,Q,T,R,E,K,A,A,R,E,E,Q,R,A,Y,G,E,E,W
B*07:05,B,E,R,N,Q,I,K,A,Q,Q,T,R,E,K,A,A,R,E,E,Q,R,A,Y,G,E,E,W
B*07:06,B,E,R,N,Q,I,K,A,Q,Q,T,R,E,K,A,A,R,E,E,Q,R,A,Y,G,E,E,W
B*07:07,B,E,R,N,Q,I,K,A,Q,Q,T,R,E,K,A,A,R,E,E,Q,R,A,Y,G,E,E,W
B*07:08,B,E,R,N,Q,I,K,T,N,Q,T,R,E,K,A,A,R,E,E,Q,R,A,Y,G,E,E,W
B*07:09,B,E,R,N,Q,I,K,A,Q,Q,T,R,E,K,A,A,R,E,E,Q,R,A,Y,G,E,E,W
B*07:10,B,E,R,N,Q,I,K,A,Q,Q,T,R,E,K,A,A,R,E,E,Q,R,A,Y,G,E,E,W
B*07:12,B,E,R,N,Q,I,K,A,Q,Q,T,R,E,K,A,A,R,E,E,Q,R,A,Y,G,E,E,W
B*07:13,B,E,R,E,Q,K,K,R,Q,Q,A,R,V,K,A,A,R,E,E,Q,R,A,Y,G,E,E,W
B*07:14,B,E,R,N,Q,I,K,A,Q,Q,T,R,E,K,A,A,R,E,E,Q,R,A,Y,G,E,E,W
B*07:15,B,E,R,N,Q,I,K,A,Q,Q,A,R,V,K,A,A,R,E,E,Q,R,A,Y,G,E,E,W
B*07:16,B,E,R,N,Q,I,K,T,N,Q,T,R,E,K,A,A,R,E,E,Q,R,A,Y,G,E,E,W
B*07:20,B,E,R,N,Q,I,K,A,Q,Q,T,R,E,K,A,A,R,E,E,Q,R,A,Y,G,L,E,S
B*07:23,B,E,R,N,Q,I,K,A,Q,Q,T,R,E,K,A,A,R,E,E,Q,R,A,Y,G,E,E,W
B*07:26,B,E,R,N,Q,I,K,A,Q,Q,T,R,E,K,A,A,R,E,E,Q,R,A,Y,G,E,E,W
B*07:36,B,E,R,N,Q,I,K,A,Q,Q,T,R,E,K,A,A,R,E,E,Q,R,A,Y,G,E,E,W
B*07:37,B,E,R,N,Q,I,K,A,N,Q,T,R,E,K,A,A,R,E,E,Q,R,A,Y,G,E,E,W
B*07:42,B,E,R,N,Q,I,K,A,Q,Q,T,R,E,K,A,A,R,E,E,Q,R,A,Y,G,E,E,W
B*07:46,B,E,R,N,Q,I,K,A,Q,Q,T,R,E,K,A,A,R,E,E,Q,R,A,Y,G,E,E,W
B*07:51,B,E,R,N,Q,I,K,A,Q,Q,T,R,E,K,A,A,R,A,E,Q,R,A,Y,G,E,E,W
B*08:01,B,E,R,N,Q,I,K,T,N,Q,T,R,E,K,A,A,R,V,E,Q,R,A,Y,G,T,E,W
B*08:02,B,E,R,N,Q,I,K,T,N,Q,T,R,E,K,A,A,R,V,E,Q,R,A,Y,G,T,E,W
B*08:09,B,E,R,N,Q,I,K,T,N,Q,T,R,E,K,A,A,R,V,E,Q,R,A,Y,G,T,E,W
B*08:13,B,E,R,N,Q,I,K,T,N,Q,T,R,E,K,A,A,R,V,E,Q,R,A,Y,G,T,E,W
B*08:18,B,E,R,N,Q,I,K,T,N,Q,T,R,E,K,A,A,R,V,E,Q,R,A,Y,G,T,E,W
B*08:20,B,E,R,N,Q,I,K,T,N,Q,T,R,E,K,A,A,R,E,E,Q,R,A,Y,G,T,E,W
B*08:23,B,E,R,N,Q,I,K,T,N,Q,T,R,E,K,A,A,R,V,E,Q,R,A,Y,G,T,E,W
B*08:35,B,E,R,N,Q,I,K,T,N,Q,T,R,E,K,A,A,R,V,E,Q,R,A,Y,G,T,E,W
B*13:01,B,E,R,E,Q,I,K,T,N,Q,T,R,E,K,A,A,R,V,E,Q,R,A,Y,G,E,E,W
B*13:02,B,E,R,E,Q,I,K,T,N,Q,T,R,E,K,A,A,R,V,E,Q,R,A,Y,G,E,E,W
B*13:03,B,E,R,E,Q,I,K,T,N,Q,T,R,E,K,A,A,R,V,E,Q,R,A,Y,G,L,E,W
B*13:04,B,E,R,E,Q,I,K,T,N,Q,T,R,E,K,A,A,R,V,E,Q,R,A,Y,G,L,E,W
B*13:12,B,E,R,E,Q,I,K,T,N,Q,T,R,E,K,A,A,R,V,E,Q,R,A,Y,G,G,E,W
B*14:01,B,E,R,N,Q,I,K,T,N,Q,T,R,E,K,A,A,R,E,E,Q,R,A,Y,G,T,E,W
B*14:02,B,E,R,N,Q,I,K,T,N,Q,T,R,E,K,A,A,R,E,E,Q,R,A,Y,G,T,E,W
B*14:03,B,E,R,N,Q,I,K,T,N,Q,T,R,E,K,A,A,R,E,E,Q,R,A,Y,G,T,E,W
B*14:05,B,E,R,N,Q,I,K,T,N,Q,T,R,E,K,A,A,R,E,E,Q,R,A,Y,G,T,E,W
B*15:01,B,E,R,E,Q,I,K,T,N,Q,T,R,E,K,A,A,R,E,E,Q,R,A,Y,G,L,E,W
B*15:02,B,E,R,N,Q,I,K,T,N,Q,T,R,E,K,A,A,R,E,E,Q,R,A,Y,G,L,E,W
B*15:03,B,E,R,E,Q,I,K,T,N,Q,T,R,E,K,A,A,R,E,E,Q,R,A,Y,G,L,E,W
B*15:04,B,E,R,E,Q,I,K,T,N,Q,T,R,E,K,A,A,R,E,E,Q,R,A,Y,G,L,E,W
B*15:05,B,E,R,E,Q,I,K,T,N,Q,T,R,E,K,A,A,R,V,E,Q,R,A,Y,G,L,E,W
B*15:06,B,E,R,E,Q,I,K,T,N,Q,T,R,E,K,A,A,R,E,E,Q,R,A,Y,G,L,E,W
B*15:07,B,E,R,E,Q,I,K,T,N,Q,T,R,E,K,A,A,R,E,E,Q,R,A,Y,G,L,E,W
B*15:08,B,E,R,N,Q,I,K,T,N,Q,T,R,E,K,A,A,R,E,E,Q,R,A,Y,G,L,E,W
B*15:09,B,E,R,N,Q,I,K,T,N,Q,T,R,E,K,A,A,R,E,E,Q,R,A,Y,G,L,E,W
B*15:10,B,E,R,N,Q,I,K,T,N,Q,T,R,E,K,A,A,R,E,E,Q,R,A,Y,G,L,E,W
B*15:11,B,E,R,N,Q,I,K,T,N,Q,T,R,E,K,A,A,R,E,E,Q,R,A,Y,G,L,E,W
B*15:113,B,E,R,E,Q,I,K,T,N,Q,T,R,E,K,A,A,R,E,E,Q,R,A,Y,G,L,E,W
B*15:12,B,E,R,E,Q,I,K,T,N,Q,T,R,E,K,A,A,R,E,E,Q,R,A,Y,G,L,D,G
B*15:125,B,E,R,E,Q,I,K,T,N,Q,T,R,E,K,A,A,R,E,E,Q,R,A,Y,G,L,E,W
B*15:13,B,E,R,N,Q,I,K,T,N,Q,T,R,E,K,A,A,R,E,E,Q,R,A,Y,G,L,E,W
B*15:132,B,E,R,E,Q,I,K,T,N,Q,T,R,E,K,A,A,R,E,E,Q,R,A,Y,G,L,E,W
B*15:14,B,E,R,E,Q,I,K,T,N,Q,T,R,E,K,A,A,R,E,E,Q,R,A,Y,G,L,E,S
B*15:141,B,E,R,E,Q,I,K,T,N,Q,T,R,E,K,A,A,R,E,E,Q,R,A,Y,G,L,E,W
B*15:15,B,E,R,N,Q,I,K,T,N,Q,T,R,E,K,A,A,R,E,E,Q,R,A,Y,G,L,E,W
B*15:16,B,E,R,E,R,N,K,A,S,Q,T,R,E,K,A,A,R,E,E,Q,R,A,Y,G,L,E,W
B*15:17,B,E,R,E,R,N,K,A,S,Q,T,R,E,K,A,A,R,E,E,Q,R,A,Y,G,L,E,W
B*15:18,B,E,R,N,Q,I,K,T,N,Q,T,R,E,K,A,A,R,E,E,Q,R,A,Y,G,L,E,W
B*15:20,B,E,R,E,Q,I,K,T,N,Q,T,R,E,K,A,A,R,V,E,Q,R,A,Y,G,L,E,W
B*15:21,B,E,R,N,Q,I,K,T,N,Q,T,R,E,K,A,A,R,E,E,Q,R,A,Y,G,L,E,W
B*15:23,B,E,R,N,Q,I,K,T,N,Q,T,R,E,K,A,A,R,E,E,Q,R,A,Y,G,L,E,W
B*15:24,B,E,R,E,Q,I,K,T,N,Q,T,R,E,K,A,A,R,E,E,Q,R,A,Y,G,L,E,W
B*15:25,B,E,R,E,Q,I,K,T,N,Q,T,R,E,K,A,A,R,E,E,Q,R,A,Y,G,L,E,W
B*15:27,B,E,R,E,Q,I,K,T,N,Q,T,R,E,K,A,A,R,E,E,Q,R,A,Y,G,L,E,W
B*15:28,B,E,R,E,Q,I,K,T,N,Q,T,R,E,K,A,A,R,E,E,Q,R,A,Y,G,L,E,W
B*15:29,B,E,R,N,Q,I,K,T,N,Q,T,R,E,K,A,A,R,E,E,Q,R,A,Y,G,L,E,W
B*15:30,B,E,R,E,Q,I,K,T,N,Q,T,R,E,K,A,A,R,E,E,Q,R,A,Y,G,L,E,W
B*15:31,B,E,R,N,Q,I,K,T,N,Q,T,R,E,K,A,A,R,V,E,Q,R,A,Y,G,L,E,W
B*15:32,B,E,R,E,Q,I,K,T,N,Q,T,R,E,K,A,A,R,E,E,Q,R,A,Y,G,L,E,W
B*15:33,B,E,R,E,Q,I,K,T,N,Q,T,R,E,K,A,A,R,E,E,Q,R,A,Y,G,L,E,W
B*15:34,B,E,R,E,Q,I,K,T,N,Q,T,R,E,K,A,A,R,E,E,Q,R,A,Y,G,L,E,W
B*15:35,B,E,R,E,Q,I,K,T,N,Q,T,R,E,K,A,A,R,E,E,Q,R,A,Y,G,L,E,W
B*15:37,B,E,R,N,Q,I,K,T,N,Q,T,R,E,K,A,A,R,E,E,Q,R,A,Y,G,L,E,W
B*15:38,B,E,R,E,Q,I,K,T,N,Q,T,R,E,K,A,A,R,E,E,Q,R,A,Y,G,L,E,W
B*15:39,B,E,R,E,Q,I,K,T,N,Q,T,R,E,K,A,A,R,E,E,Q,R,A,Y,G,L,E,W
B*15:40,B,E,R,E,Q,I,K,T,N,Q,T,R,E,K,A,A,R,E,E,Q,R,A,Y,G,E,E,W
B*15:42,B,E,R,E,Q,I,K,T,N,Q,T,R,E,K,A,A,R,E,E,Q,R,A,Y,G,T,E,W
B*15:44,B,E,R,N,Q,I,K,T,N,Q,T,R,E,K,A,A,R,E,E,Q,R,A,Y,G,T,E,W
B*15:45,B,E,R,E,Q,I,K,T,N,Q,T,R,E,K,A,A,R,E,E,Q,R,A,Y,G,L,E,W
B*15:46,B,E,R,E,Q,I,K,T,N,Q,T,R,E,K,A,A,R,E,E,Q,R,A,Y,G,L,E,W
B*15:47,B,E,R,E,Q,I,K,T,N,Q,T,R,E,K,A,A,R,E,E,Q,R,A,Y,G,E,E,W
B*15:48,B,E,R,E,Q,I,K,T,N,Q,T,R,E,K,A,A,R,V,E,Q,R,T,Y,G,L,E,W
B*15:52,B,E,R,N,Q,I,K,T,N,Q,T,R,E,K,A,A,R,V,E,Q,R,A,Y,G,E,E,W
B*15:53,B,E,R,E,Q,I,K,T,N,Q,T,R,E,K,A,A,R,E,E,Q,R,A,Y,G,L,E,W
B*15:54,B,E,R,E,Q,I,K,T,N,Q,T,R,E,K,A,A,R,E,E,Q,R,A,Y,G,L,E,W
B*15:55,B,E,R,N,Q,I,K,T,N,Q,T,R,E,K,A,A,R,V,E,Q,R,A,Y,G,L,E,W
B*15:56,B,E,R,E,Q,I,K,T,N,Q,T,R,E,K,A,A,R,E,E,Q,R,A,Y,G,L,E,W
B*15:58,B,E,R,E,Q,I,K,T,N,Q,T,R,E,K,A,A,R,E,E,Q,R,A,Y,G,L,E,W
B*15:63,B,E,R,E,Q,I,K,T,N,Q,T,R,E,K,A,A,R,E,E,Q,R,A,Y,G,L,E,W
B*15:65,B,E,R,E,Q,I,K,T,N,Q,T,R,E,K,A,A,R,E,E,Q,R,A,Y,G,L,E,W
B*15:71,B,E,R,E,Q,I,K,T,N,Q,T,R,E,K,A,A,R,E,E,Q,R,A,Y,G,L,E,W
B*15:73,B,E,R,E,Q,I,K,T,N,Q,T,R,E,K,A,A,R,E,E,Q,R,A,Y,G,L,E,W
B*15:75,B,E,R,E,Q,I,K,T,N,Q,T,R,E,K,A,A,R,Q,E,Q,R,A,Y,G,L,E,W
B*15:82,B,E,R,E,Q,I,K,T,N,Q,T,R,E,K,A,A,R,E,E,Q,R,A,Y,G,L,E,W
B*18:01,B,E,R,N,Q,I,K,T,N,Q,T,R,E,K,A,A,R,V,E,Q,R,A,Y,G,T,E,W
B*18:02,B,E,R,N,Q,I,K,T,N,Q,T,R,E,K,A,A,R,V,E,Q,R,A,Y,G,T,E,W
B*18:03,B,E,R,N,Q,I,K,T,N,Q,T,R,E,K,A,A,R,V,E,Q,R,A,Y,G,T,E,W
B*18:04,B,E,R,N,Q,I,K,T,N,Q,T,R,E,K,A,A,R,V,E,Q,R,A,Y,G,T,E,W
B*18:05,B,E,R,N,Q,I,K,T,N,Q,T,R,E,K,A,A,R,V,E,Q,R,A,Y,G,T,E,W
B*18:06,B,E,R,N,Q,I,K,T,N,Q,T,R,V,K,A,A,R,V,E,Q,R,A,Y,G,T,E,W
B*18:08,B,E,R,N,Q,I,K,T,N,Q,T,R,E,K,A,A,R,V,E,Q,R,A,Y,G,T,E,W
B*18:11,B,E,R,N,Q,I,K,T,N,Q,T,R,E,K,A,A,R,V,E,Q,R,A,Y,G,T,E,W
B*18:12,B,E,R,E,Q,I,K,T,N,Q,T,R,E,K,A,A,R,V,E,Q,R,A,Y,G,T,E,W
B*18:13,B,E,R,N,Q,I,K,T,N,Q,T,R,E,K,A,A,R,V,E,Q,R,A,Y,G,T,E,W
B*18:14,B,E,R,N,Q,I,K,T,N,Q,T,R,E,K,A,A,R,V,E,Q,R,A,Y,G,T,E,W
B*18:18,B,E,R,N,Q,I,K,T,N,Q,T,R,E,K,A,A,R,V,E,Q,R,A,Y,G,T,E,W
B*18:20,B,E,R,N,Q,I,K,T,N,Q,T,R,E,K,A,A,R,V,E,Q,R,A,Y,G,T,E,W
B*18:25,B,E,R,N,Q,I,K,T,N,Q,T,R,E,K,A,A,R,V,E,Q,R,A,Y,G,T,E,W
B*18:33,B,E,R,N,Q,I,K,T,N,Q,T,R,E,K,A,A,R,V,E,Q,R,A,Y,G,T,E,W
B*27:01,B,E,R,E,Q,I,K,A,K,Q,T,R,E,K,A,A,R,V,E,Q,R,A,Y,G,E,E,W
B*27:02,B,E,R,E,Q,I,K,A,K,Q,T,R,E,K,A,A,R,V,E,Q,R,A,Y,G,E,E,W
B*27:03,B,E,R,E,Q,I,K,A,K,Q,T,R,E,K,A,A,R,V,E,Q,R,A,Y,G,E,E,W
B*27:04,B,E,R,E,Q,I,K,A,K,Q,T,R,E,K,A,A,R,E,E,Q,R,A,Y,G,E,E,W
B*27:05,B,E,R,E,Q,I,K,A,K,Q,T,R,E,K,A,A,R,V,E,Q,R,A,Y,G,E,E,W
B*27:06,B,E,R,E,Q,I,K,A,K,Q,T,R,E,K,A,A,R,E,E,Q,R,A,Y,G,E,E,W
B*27:07,B,E,R,E,Q,I,K,A,K,Q,T,R,E,K,A,A,R,V,E,Q,R,A,Y,G,E,E,W
B*27:08,B,E,R,E,Q,I,K,A,K,Q,T,R,E,K,A,A,R,V,E,Q,R,A,Y,G,E,E,W
B*27:09,B,E,R,E,Q,I,K,A,K,Q,T,R,E,K,A,A,R,V,E,Q,R,A,Y,G,E,E,W
B*27:10,B,E,R,E,Q,I,K,A,K,Q,T,R,E,K,A,A,R,E,E,Q,R,A,Y,G,E,E,W
B*27:12,B,E,R,E,Q,I,K,T,N,Q,T,R,E,K,A,A,R,V,E,Q,R,A,Y,G,E,E,W
B*27:14,B,E,R,E,Q,I,K,A,K,Q,T,R,E,K,A,A,R,V,E,Q,R,A,Y,G,E,E,W
B*27:15,B,E,R,E,Q,I,K,A,K,Q,T,R,E,K,A,A,R,E,E,Q,R,A,Y,G,T,E,W
B*27:17,B,E,R,E,Q,I,K,A,K,Q,T,R,E,K,A,A,R,V,E,Q,R,A,Y,G,E,E,W
B*27:19,B,E,R,E,Q,I,K,A,K,Q,T,R,E,K,A,A,R,V,E,Q,R,A,Y,G,E,E,W
B*27:20,B,E,R,E,Q,I,K,A,K,Q,T,R,E,K,A,A,R,E,E,Q,R,A,Y,G,E,E,W
B*27:24,B,E,R,E,Q,I,K,A,K,Q,T,R,E,K,A,A,R,E,E,Q,R,A,Y,G,E,E,W
B*27:27,B,E,R,E,Q,I,K,A,K,Q,T,R,E,K,A,A,R,V,E,Q,R,A,Y,G,E,E,W
B*35:01,B,E,R,N,Q,I,K,T,N,Q,T,R,E,K,A,A,R,V,E,Q,R,A,Y,G,L,E,W
B*35:02,B,E,R,N,Q,I,K,T,N,Q,T,R,E,K,A,A,R,V,E,Q,R,A,Y,G,L,E,W
B*35:03,B,E,R,N,Q,I,K,T,N,Q,T,R,E,K,A,A,R,V,E,Q,R,A,Y,G,L,E,W
B*35:04,B,E,R,N,Q,I,K,T,N,Q,T,R,E,K,A,A,R,V,E,Q,R,A,Y,G,L,E,W
B*35:05,B,E,R,N,Q,I,K,T,N,Q,T,R,E,K,A,A,R,V,E,Q,R,A,Y,G,L,E,W
B*35:06,B,E,R,N,Q,I,K,T,N,Q,T,R,E,K,A,A,R,V,E,Q,R,A,Y,G,L,E,W
B*35:08,B,E,R,N,Q,I,K,T,N,Q,T,R,E,K,A,A,R,V,E,Q,R,A,Y,G,L,E,W
B*35:09,B,E,R,N,Q,I,K,T,N,Q,T,R,E,K,A,A,R,V,E,Q,R,A,Y,G,L,E,W
B*35:10,B,E,R,E,Q,I,K,T,N,Q,T,R,E,K,A,A,R,V,E,Q,R,A,Y,G,L,E,W
B*35:11,B,E,R,N,Q,I,K,T,N,Q,T,R,E,K,A,A,R,E,E,Q,R,A,Y,G,L,E,W
B*35:12,B,E,R,N,Q,I,K,T,N,Q,T,R,E,K,A,A,R,V,E,Q,R,A,Y,G,L,E,W
B*35:13,B,E,R,E,Q,I,K,T,N,Q,T,R,E,K,A,A,R,V,E,Q,R,A,Y,G,L,E,W
B*35:14,B,E,R,N,Q,I,K,T,N,Q,T,R,E,K,A,A,R,E,E,Q,R,A,Y,G,L,E,W
B*35:15,B,E,R,N,Q,I,K,T,N,Q,T,R,E,K,A,A,R,V,E,Q,R,A,Y,G,E,E,W
B*35:16,B,E,R,E,Q,I,K,T,N,Q,T,R,E,K,A,A,R,V,E,Q,R,A,Y,G,L,E,W
B*35:17,B,E,R,N,Q,I,K,T,N,Q,T,R,E,K,A,A,R,V,E,Q,R,A,Y,G,L,E,W
B*35:19,B,E,R,N,Q,I,K,T,N,Q,T,R,E,K,A,A,R,V,E,Q,R,A,Y,G,L,E,W
B*35:20,B,E,R,N,Q,I,K,T,N,Q,T,R,E,K,A,A,R,V,E,Q,R,A,Y,G,L,E,W
B*35:21,B,E,R,N,Q,I,K,T,N,Q,T,R,E,K,A,A,R,E,E,Q,R,A,Y,G,L,E,W
B*35:22,B,E,R,N,Q,I,K,T,N,Q,T,R,E,K,A,A,R,V,E,Q,R,A,Y,G,L,E,W
B*35:23,B,E,R,N,Q,I,K,T,N,Q,T,R,E,K,A,A,R,V,E,Q,R,A,Y,G,L,E,W
B*35:24,B,E,R,N,Q,I,K,T,N,Q,T,R,E,K,A,A,R,V,E,Q,R,A,Y,G,L,E,W
B*35:25,B,E,R,N,Q,I,K,T,N,Q,T,R,E,K,A,A,R,V,E,Q,R,A,Y,G,L,E,W
B*35:26,B,E,R,N,Q,I,K,T,N,Q,T,R,E,K,A,A,R,V,E,Q,R,A,Y,G,L,E,W
B*35:27,B,E,R,N,Q,I,K,T,N,Q,T,R,E,K,A,A,R,V,E,Q,R,A,Y,G,L,E,W
B*35:28,B,E,R,E,Q,I,K,T,N,Q,T,R,E,K,A,A,R,V,E,Q,R,A,Y,G,L,E,W
B*35:29,B,E,R,N,Q,I,K,T,N,Q,T,R,E,K,A,A,R,V,E,Q,R,A,Y,G,L,E,W
B*35:30,B,E,R,N,Q,I,K,T,N,Q,T,R,E,K,A,A,R,V,E,Q,R,A,Y,G,L,E,W
B*35:31,B,E,R,N,Q,I,K,T,N,Q,T,R,E,K,A,A,R,V,E,Q,R,A,Y,G,E,E,W
B*35:32,B,E,R,N,Q,I,K,T,N,Q,T,R,E,K,A,A,R,V,E,Q,R,A,Y,G,L,E,W
B*35:34,B,E,R,N,Q,I,K,T,N,Q,T,R,E,K,A,A,R,V,E,Q,R,A,Y,G,L,E,W
B*35:41,B,E,R,N,Q,I,K,T,N,Q,T,R,E,K,A,A,R,V,E,Q,R,A,Y,G,L,E,W
B*35:43,B,E,R,N,Q,I,K,T,N,Q,T,R,E,K,A,A,R,E,E,Q,R,A,Y,G,L,E,W
B*35:47,B,E,R,N,Q,I,K,T,N,Q,T,R,E,K,A,A,R,V,E,Q,R,A,Y,G,L,E,W
B*35:48,B,E,R,N,Q,I,K,T,N,Q,T,R,E,K,A,A,R,V,E,Q,R,A,Y,G,L,E,W
B*35:49,B,E,R,N,Q,I,K,T,N,Q,T,R,E,K,A,A,R,V,E,Q,R,A,Y,G,L,E,W
B*35:55,B,E,R,N,Q,I,K,T,N,Q,T,R,E,K,A,A,R,V,E,Q,R,A,Y,G,L,E,W
B*35:77,B,E,R,N,Q,I,K,T,N,Q,T,R,E,K,A,A,R,V,E,Q,R,A,Y,G,L,E,W
B*37:01,B,E,R,E,Q,I,K,T,N,Q,T,R,E,K,A,A,R,V,E,Q,R,A,Y,G,T,E,W
B*37:02,B,E,R,E,Q,I,K,T,N,Q,T,R,E,K,A,A,R,V,E,Q,R,A,Y,G,E,E,W
B*37:07,B,E,R,E,Q,I,K,T,N,Q,T,R,E,K,A,A,R,E,E,Q,R,A,Y,G,E,E,W
B*38:01,B,E,R,N,Q,I,K,T,N,Q,T,R,E,K,A,A,R,V,E,Q,R,T,Y,G,T,E,W
B*38:02,B,E,R,N,Q,I,K,T,N,Q,T,R,E,K,A,A,R,V,E,Q,R,T,Y,G,T,E,W
B*38:06,B,E,R,N,Q,I,K,T,N,Q,T,R,E,K,A,A,R,V,E,Q,R,T,Y,G,T,E,W
B*38:09,B,E,R,N,Q,I,K,T,N,Q,T,R,E,K,A,A,R,V,E,Q,R,T,Y,G,T,E,W
B*39:01,B,E,R,N,Q,I,K,T,N,Q,T,R,E,K,A,A,R,V,E,Q,R,T,Y,G,T,E,W
B*39:02,B,E,R,E,Q,I,K,T,N,Q,T,R,E,K,A,A,R,V,E,Q,R,T,Y,G,T,E,W
B*39:03,B,E,R,N,Q,I,K,T,N,Q,T,R,E,K,A,A,R,V,E,Q,R,T,Y,G,T,E,W
B*39:04,B,E,R,N,Q,I,K,T,N,Q,T,R,E,K,A,A,R,V,E,Q,R,T,Y,G,T,E,W
B*39:05,B,E,R,N,Q,I,K,T,N,Q,T,R,E,K,A,A,R,V,E,Q,R,T,Y,G,T,E,W
B*39:06,B,E,R,N,Q,I,K,T,N,Q,T,R,E,K,A,A,R,V,E,Q,R,T,Y,G,T,E,W
B*39:07,B,E,R,N,Q,I,K,T,N,Q,T,R,E,K,A,A,R,V,E,Q,R,T,Y,G,T,E,W
B*39:08,B,E,R,E,Q,I,K,T,N,Q,T,R,E,K,A,A,R,V,E,Q,R,T,Y,G,T,E,W
B*39:09,B,E,R,N,Q,I,K,T,N,Q,T,R,E,K,A,A,R,V,E,Q,R,T,Y,G,T,E,W
B*39:10,B,E,R,N,Q,I,K,T,N,Q,T,R,E,K,A,A,R,V,E,Q,R,T,Y,G,T,E,W
B*39:11,B,E,R,N,Q,I,K,T,N,Q,T,R,E,K,A,A,R,V,E,Q,R,T,Y,G,T,E,W
B*39:12,B,E,R,N,Q,I,K,T,N,Q,T,R,E,K,A,A,R,V,E,Q,R,T,Y,G,T,E,W
B*39:13,B,E,R,E,Q,I,K,T,N,Q,T,R,E,K,A,A,R,V,E,Q,R,T,Y,G,T,E,W
B*39:14,B,E,R,N,Q,I,K,T,N,Q,T,R,E,K,A,A,R,V,E,Q,R,T,Y,G,T,E,W
B*39:15,B,E,R,N,Q,I,K,T,N,Q,T,R,E,K,A,A,R,V,E,Q,R,T,Y,G,T,E,W
B*39:20,B,E,R,N,Q,I,K,T,N,Q,T,R,E,K,A,A,R,V,E,Q,R,T,Y,G,T,E,W
B*39:22,B,E,R,E,Q,I,K,T,N,Q,T,R,E,K,A,A,R,V,E,Q,R,T,Y,G,T,E,W
B*39:24,B,E,R,N,Q,I,K,T,N,Q,T,R,E,K,A,A,R,V,E,Q,R,T,Y,G,T,E,W
B*39:26,B,E,R,N,Q,I,K,T,N,Q,T,R,E,K,A,A,L,V,E,Q,R,T,Y,G,T,E,W
B*39:31,B,E,R,N,Q,I,K,T,N,Q,T,R,E,K,A,A,R,V,E,Q,R,T,Y,G,T,E,W
B*39:37,B,E,R,N,Q,I,K,T,N,Q,T,R,E,K,A,A,R,V,E,Q,R,T,Y,G,T,E,W
B*39:39,B,E,R,N,Q,I,K,T,N,Q,T,R,E,K,A,A,R,V,E,Q,R,T,Y,G,T,E,W
B*40:01,B,E,R,E,Q,I,K,T,N,Q,T,R,E,K,A,A,R,V,E,Q,R,A,Y,G,E,E,W
B*40:02,B,E,R,E,Q,I,K,T,N,Q,T,R,E,K,A,A,R,V,E,Q,R,A,Y,G,E,E,W
B*40:03,B,E,R,E,Q,I,K,T,N,Q,T,R,E,K,A,A,R,V,E,Q,R,A,Y,G,E,E,W
B*40:04,B,E,R,E,Q,I,K,T,N,Q,T,R,E,K,A,A,R,V,E,Q,R,A,Y,G,E,E,W
B*40:05,B,E,R,E,Q,I,K,T,N,Q,T,R,E,K,A,A,R,E,E,Q,R,A,Y,G,L,E,W
B*40:06,B,E,R,E,Q,I,K,T,N,Q,T,R,E,K,A,A,R,V,E,Q,R,A,Y,G,E,E,W
B*40:07,B,E,R,E,Q,I,K,T,N,Q,T,R,E,K,A,A,R,V,E,Q,R,A,Y,G,E,E,W
B*40:08,B,E,R,N,Q,I,K,T,N,Q,T,R,E,K,A,A,R,V,E,Q,R,A,Y,G,E,E,W
B*40:09,B,E,R,E,Q,I,K,T,N,Q,T,R,E,K,A,A,R,V,E,Q,R,A,Y,G,E,E,W
B*40:10,B,E,R,E,Q,I,K,T,N,Q,T,R,E,K,A,A,R,V,E,Q,R,A,Y,G,E,E,W
B*40:11,B,E,R,E,Q,I,K,T,N,Q,T,R,E,K,A,A,R,V,E,Q,R,A,Y,G,E,E,W
B*40:114,B,E,R,E,Q,I,K,T,N,Q,T,R,E,K,A,A,R,V,E,Q,R,A,Y,G,E,E,W
B*40:12,B,E,R,E,Q,I,K,T,N,Q,T,R,E,K,A,A,R,V,E,Q,R,A,Y,G,E,E,W
B*40:129,B,E,R,E,Q,I,K,T,N,Q,T,R,E,K,A,A,R,V,E,Q,R,A,Y,G,E,E,W
B*40:13,B,E,R,E,Q,I,K,T,N,Q,T,R,E,K,A,A,R,V,E,Q,R,A,Y,G,E,E,W
B*40:16,B,E,R,E,Q,I,K,T,N,Q,T,R,E,K,A,A,R,E,E,Q,R,A,Y,G,E,E,W
B*40:19,B,E,R,E,Q,I,K,T,N,Q,T,R,E,K,A,A,R,V,E,Q,R,A,Y,G,E,E,W
B*40:20,B,E,R,E,Q,I,K,T,N,Q,T,R,E,K,A,A,R,V,E,Q,R,A,Y,G,E,E,W
B*40:23,B,E,R,E,Q,I,K,T,N,Q,T,R,E,K,A,A,R,E,E,Q,R,A,Y,G,E,E,W
B*40:26,B,E,R,E,Q,I,K,T,N,Q,T,R,E,K,A,A,R,E,E,Q,R,A,Y,G,L,E,W
B*40:27,B,E,R,E,Q,I,K,T,N,Q,T,R,E,K,A,A,R,V,E,Q,R,A,Y,G,E,E,W
B*40:30,B,E,R,E,Q,I,K,T,N,Q,T,R,E,K,A,A,R,V,E,Q,R,A,Y,G,E,E,W
B*40:32,B,E,R,E,Q,I,K,T,N,Q,T,R,E,K,A,A,R,E,E,Q,R,A,Y,G,E,E,W
B*40:40,B,E,R,E,Q,I,K,T,N,Q,T,R,E,K,A,A,R,V,E,Q,R,A,Y,G,E,E,W
B*40:43,B,E,R,E,Q,I,K,T,N,Q,T,R,E,K,A,A,R,V,E,Q,R,A,Y,G,E,E,W
B*40:50,B,E,R,E,Q,I,K,T,N,Q,T,R,E,K,A,A,R,V,E,Q,R,A,Y,G,E,E,W
B*40:64,B,E,R,E,Q,I,K,T,N,Q,T,R,E,K,A,A,R,V,E,Q,R,A,Y,G,E,E,W
B*40:90,B,E,R,E,Q,I,K,T,N,Q,T,R,E,K,A,A,R,V,E,Q,R,A,H,G,E,E,W
B*40:94,B,E,R,E,Q,I,K,T,N,Q,T,R,E,K,A,A,R,V,E,Q,R,A,Y,G,E,E,W
B*41:01,B,E,R,E,Q,I,K,T,N,Q,T,R,E,K,A,A,R,V,E,Q,R,A,Y,G,T,E,W
B*41:02,B,E,R,E,Q,I,K,T,N,Q,T,R,E,K,A,A,R,V,E,Q,R,A,Y,G,T,E,W
B*41:03,B,E,R,E,Q,I,K,T,N,Q,T,R,E,K,A,A,R,V,E,Q,R,A,Y,G,T,E,W
B*41:07,B,E,R,E,Q,I,K,T,N,Q,T,R,E,K,A,A,R,V,E,Q,R,A,Y,G,T,E,W
B*42:01,B,E,R,N,Q,I,K,A,Q,Q,T,R,E,K,A,A,R,V,E,Q,R,A,Y,G,T,E,W
B*42:02,B,E,R,N,Q,I,K,A,Q,Q,T,R,E,K,A,A,R,V,E,Q,R,A,Y,G,T,E,W
B*42:05,B,E,R,N,Q,I,K,A,Q,Q,T,R,E,K,A,A,R,V,E,Q,R,A,Y,G,T,E,W
B*44:02,B,E,R,E,Q,I,K,T,N,Q,T,R,E,K,A,A,R,V,E,Q,R,A,Y,G,L,E,S
B*44:03,B,E,R,E,Q,I,K,T,N,Q,T,R,E,K,A,A,R,V,E,Q,R,A,Y,G,L,E,S
B*44:04,B,E,R,E,Q,I,K,T,N,Q,T,R,E,K,A,A,R,V,E,Q,R,A,Y,G,T,E,S
B*44:05,B,E,R,E,Q,I,K,T,N,Q,T,R,E,K,A,A,R,V,E,Q,R,A,Y,G,L,E,S
B*44:06,B,E,R,N,Q,I,K,T,N,Q,T,R,E,K,A,A,R,V,E,Q,R,A,Y,G,L,E,S
B*44:07,B,E,R,E,Q,I,K,T,N,Q,T,R,E,K,A,A,R,V,E,Q,R,A,Y,G,L,E,S
B*44:08,B,E,R,E,Q,I,K,T,N,Q,T,R,E,K,A,A,R,V,E,Q,R,A,Y,G,L,E,S
B*44:09,B,E,R,E,Q,I,K,T,N,Q,T,R,E,K,A,A,R,V,E,Q,R,A,Y,G,L,E,S
B*44:10,B,E,R,E,Q,I,K,T,N,Q,T,R,E,K,A,A,R,V,E,Q,R,A,Y,G,L,E,S
B*44:12,B,E,R,N,Q,I,K,T,N,Q,T,R,E,K,A,A,R,V,E,Q,R,A,Y,G,L,E,S
B*44:15,B,E,R,E,Q,I,K,T,N,Q,T,R,E,K,A,A,R,V,E,Q,R,A,Y,G,L,E,S
B*44:18,B,E,R,E,Q,I,K,T,N,Q,T,R,E,K,A,A,R,V,E,Q,R,A,Y,G,L,E,S
B*44:20,B,E,R,E,Q,I,K,T,N,Q,T,R,E,K,A,A,R,V,E,Q,R,A,Y,G,L,E,S
B*44:21,B,E,R,E,Q,I,K,T,N,Q,T,R,E,K,A,A,R,V,E,Q,R,A,Y,G,E,E,S
B*44:22,B,E,R,E,Q,I,K,T,N,Q,T,R,E,K,A,A,R,V,E,Q,R,A,Y,G,L,E,S
B*44:24,B,E,R,E,Q,I,K,T,N,Q,T,R,E,K,A,A,R,V,E,Q,R,A,Y,G,L,E,S
B*44:27,B,E,R,E,Q,I,K,T,N,Q,T,R,E,K,A,A,R,V,E,Q,R,A,Y,G,L,E,S
B*44:29,B,E,R,E,Q,I,K,T,N,Q,T,R,E,K,A,A,R,V,E,Q,R,T,Y,G,L,E,S
B*44:50,B,E,R,E,Q,I,K,T,N,Q,T,R,E,K,A,A,R,V,E,Q,R,A,Y,G,L,E,S
B*45:01,B,E,R,E,Q,I,K,T,N,Q,T,R,E,K,A,A,R,V,E,Q,R,A,Y,G,L,E,S
B*46:01,B,E,R,E,Q,K,K,R,Q,Q,T,R,V,K,A,A,R,E,E,Q,R,A,Y,G,L,E,W
B*47:01,B,E,R,E,Q,I,K,T,N,Q,T,R,E,K,A,A,R,V,E,Q,R,A,Y,G,E,E,W
B*47:02,B,E,R,E,Q,I,K,T,N,Q,T,R,E,K,A,A,R,V,E,Q,R,A,Y,G,E,E,W
B*47:03,B,E,R,E,Q,I,K,T,N,Q,T,R,E,K,A,A,R,V,E,Q,R,A,Y,G,E,E,W
B*48:01,B,E,R,E,Q,I,K,T,N,Q,T,R,E,K,A,A,R,V,E,Q,R,A,Y,G,E,E,W
B*48:02,B,E,R,E,Q,I,K,T,N,Q,T,R,E,K,A,A,R,V,E,Q,R,A,Y,G,L,E,W
B*48:03,B,E,R,E,Q,I,K,T,N,Q,T,R,E,K,A,A,R,V,E,Q,R,A,Y,G,E,E,W
B*48:04,B,E,R,E,Q,I,K,T,N,Q,T,R,E,K,A,A,R,V,E,Q,R,A,Y,G,E,E,W
B*48:05,B,E,R,E,Q,I,K,T,N,Q,T,R,E,K,A,A,R,E,E,Q,R,A,Y,G,E,E,W
B*48:06,B,E,R,N,Q,I,K,T,N,Q,T,R,E,K,A,A,R,V,E,Q,R,A,Y,G,E,E,W
B*48:07,B,E,R,E,Q,I,K,T,N,Q,T,R,E,K,A,A,R,V,E,Q,R,A,Y,G,E,E,W
B*48:12,B,E,R,E,Q,I,K,T,N,Q,T,R,E,K,A,A,R,V,E,Q,R,A,Y,G,E,E,W
B*48:13,B,E,R,E,Q,I,K,T,N,Q,T,R,E,K,A,A,R,V,E,Q,R,A,Y,G,E,E,W
B*49:01,B,E,R,E,Q,I,K,T,N,Q,T,R,E,K,A,A,R,E,E,Q,R,A,Y,G,L,E,W
B*50:01,B,E,R,E,Q,I,K,T,N,Q,T,R,E,K,A,A,R,E,E,Q,R,A,Y,G,L,E,W
B*50:02,B,E,R,E,Q,I,K,T,N,Q,T,R,E,K,A,A,R,E,E,Q,R,A,Y,G,L,E,S
B*50:04,B,E,R,E,Q,I,K,T,N,Q,T,R,E,K,A,A,R,E,E,Q,R,A,Y,G,L,E,W
B*51:01,B,E,R,N,Q,I,K,T,N,Q,T,R,E,K,A,A,R,E,E,Q,R,A,Y,G,L,E,W
B*51:02,B,E,R,N,Q,I,K,T,N,Q,T,R,E,K,A,A,R,E,E,Q,R,A,Y,G,L,E,W
B*51:03,B,E,R,N,Q,I,K,T,N,Q,T,R,E,K,A,A,R,E,E,Q,R,A,Y,G,L,E,G
B*51:04,B,E,R,N,Q,I,K,T,N,Q,T,R,E,K,A,A,R,E,E,Q,R,A,Y,G,L,E,W
B*51:05,B,E,R,N,Q,I,K,T,N,Q,T,R,E,K,A,A,R,V,E,Q,R,A,Y,G,L,E,W
B*51:06,B,E,R,N,Q,I,K,T,N,Q,T,R,E,K,A,A,R,E,E,Q,R,A,Y,G,L,E,W
B*51:07,B,E,R,N,Q,I,K,T,N,Q,T,R,E,K,A,A,R,E,E,Q,R,A,Y,G,L,E,W
B*51:08,B,E,R,N,Q,I,K,T,N,Q,T,R,E,K,A,A,R,V,E,Q,R,A,Y,G,L,E,W
B*51:09,B,E,R,N,Q,I,K,T,N,Q,T,R,E,K,A,A,R,V,E,Q,R,A,Y,G,L,E,W
B*51:10,B,E,R,N,Q,I,K,T,N,Q,T,R,E,K,A,A,R,V,E,Q,R,A,Y,G,E,E,W
B*51:13,B,E,R,N,Q,I,K,T,N,Q,T,R,E,K,A,A,R,E,E,Q,R,A,Y,G,L,E,W
B*51:14,B,E,R,N,Q,I,K,T,N,Q,T,R,E,K,A,A,R,E,E,Q,R,A,Y,G,L,E,W
B*51:17,B,E,R,N,Q,I,K,T,N,Q,T,R,E,K,A,A,R,E,E,Q,R,A,Y,G,L,E,W
B*51:19,B,E,R,N,Q,I,K,T,N,Q,T,R,E,K,A,A,R,V,E,Q,R,T,Y,G,L,E,W
B*51:21,B,E,R,N,Q,I,K,T,N,Q,T,R,E,K,A,A,R,E,E,Q,R,A,Y,G,T,E,W
B*51:22,B,E,R,N,Q,I,K,T,N,Q,T,R,E,K,A,A,R,E,E,Q,R,A,Y,G,L,E,W
B*51:23,B,E,R,N,Q,I,K,T,N,Q,T,R,E,K,A,A,R,E,E,Q,R,A,Y,G,L,E,S
B*51:29,B,E,R,N,Q,I,K,T,N,Q,T,R,E,K,A,A,R,E,E,Q,R,A,Y,G,L,E,W
B*51:34,B,E,R,N,Q,I,K,T,N,Q,T,R,E,K,A,A,R,E,E,Q,R,A,Y,G,E,E,W
B*51:40,B,E,R,N,Q,I,K,T,N,Q,T,R,E,K,A,A,R,V,E,Q,R,A,Y,G,L,E,W
B*51:43,B,E,R,N,Q,I,K,T,N,Q,T,R,E,K,A,A,R,E,E,Q,R,A,Y,G,L,E,W
B*51:50,B,E,R,N,Q,I,K,T,N,Q,T,R,E,K,A,A,R,E,E,Q,R,A,Y,G,L,E,W
B*52:01,B,E,R,E,Q,I,K,T,N,Q,T,R,E,K,A,A,R,E,E,Q,R,A,Y,G,L,E,W
B*52:02,B,E,R,E,Q,I,K,T,N,Q,T,R,E,K,A,A,R,E,E,Q,R,A,Y,G,L,E,W
B*52:03,B,E,R,E,Q,I,K,T,N,Q,T,R,E,K,A,A,R,V,E,Q,R,A,Y,G,L,E,W
B*52:04,B,E,R,E,Q,I,K,T,N,Q,T,R,E,K,A,A,R,E,E,Q,R,A,Y,G,L,E,W
B*52:21,B,E,R,E,Q,I,K,T,N,Q,T,R,E,K,A,A,R,E,E,Q,R,A,Y,G,L,E,W
B*53:01,B,E,R,N,Q,I,K,T,N,Q,T,R,E,K,A,A,R,V,E,Q,R,A,Y,G,L,E,W
B*53:05,B,E,R,N,Q,I,K,T,N,Q,T,R,E,K,A,A,R,V,E,Q,R,A,Y,G,L,E,W
B*53:06,B,E,R,N,Q,I,K,T,N,Q,T,R,E,K,A,A,R,E,E,Q,R,A,Y,G,L,E,W
B*54:01,B,E,R,N,Q,I,K,A,Q,Q,T,R,E,K,A,A,R,V,E,Q,R,A,Y,G,T,E,W
B*55:01,B,E,R,N,Q,I,K,A,Q,Q,T,R,E,K,A,A,R,E,E,Q,R,A,Y,G,T,E,W
B*55:02,B,E,R,N,Q,I,K,A,Q,Q,T,R,E,K,A,A,R,V,E,Q,R,A,Y,G,T,E,W
B*55:04,B,E,R,N,Q,I,K,A,Q,Q,T,R,E,K,A,A,R,V,E,Q,R,A,Y,G,T,E,W
B*55:07,B,E,R,N,Q,I,K,A,Q,Q,T,R,E,K,A,A,R,V,E,Q,R,A,Y,G,T,E,W
B*55:12,B,E,R,N,Q,I,K,A,Q,Q,T,R,E,K,A,A,R,V,E,Q,R,A,Y,G,T,E,W
B*56:01,B,E,R,N,Q,I,K,A,Q,Q,T,R,E,K,A,A,R,V,E,Q,R,A,Y,G,L,E,W
B*56:02,B,E,R,N,Q,I,K,A,Q,Q,T,R,E,K,A,A,R,V,E,Q,R,A,Y,G,L,E,W
B*56:03,B,E,R,N,Q,I,K,A,Q,Q,T,R,E,K,A,A,R,E,E,Q,R,A,Y,G,L,E,W
B*56:04,B,E,R,N,Q,I,K,A,Q,Q,T,R,E,K,A,A,R,V,E,Q,R,A,Y,G,L,E,W
B*56:10,B,E,R,N,Q,I,K,A,Q,Q,T,R,E,K,A,A,R,V,E,Q,R,A,Y,G,T,E,W
B*56:15,B,E,R,N,Q,I,K,A,Q,Q,T,R,E,K,A,A,R,V,E,Q,R,A,Y,G,L,E,W
B*57:01,B,E,G,E,R,N,K,A,S,Q,T,R,E,K,A,A,R,V,E,Q,R,A,Y,G,L,E,W
B*57:02,B,E,G,E,R,N,K,A,S,Q,T,R,E,K,A,A,R,V,E,Q,R,A,Y,G,L,E,W
B*57:03,B,E,G,E,R,N,K,A,S,Q,T,R,E,K,A,A,R,V,E,Q,R,A,Y,G,L,E,W
B*57:04,B,E,G,E,R,N,K,A,S,Q,T,R,E,K,A,A,R,V,E,Q,R,A,Y,G,L,E,W
B*57:05,B,E,G,E,R,N,K,A,S,Q,T,R,E,K,A,A,R,V,E,Q,R,A,Y,G,L,E,W
B*58:01,B,E,G,E,R,N,K,A,S,Q,T,R,E,K,A,A,R,V,E,Q,R,A,Y,G,L,E,W
B*58:02,B,E,G,E,R,N,K,A,S,Q,T,R,E,K,A,A,R,V,E,Q,R,A,Y,G,L,E,W
B*58:04,B,E,E,E,R,N,K,A,S,Q,T,R,E,K,A,A,R,V,E,Q,R,A,Y,G,L,E,W
B*59:01,B,E,R,N,Q,I,K,T,N,Q,T,R,E,K,A,A,R,V,E,Q,R,A,Y,G,T,E,W
B*67:01,B,E,R,N,Q,I,K,A,Q,Q,T,R,E,K,A,A,R,V,E,Q,R,T,Y,G,T,E,W
B*67:02,B,E,R,E,Q,K,K,R,Q,Q,A,R,V,K,A,A,R,V,E,Q,R,T,Y,G,T,E,W
B*73:01,B,E,R,N,Q,I,K,A,K,Q,T,R,V,K,A,A,R,V,E,Q,R,A,Y,G,E,E,W
B*78:01,B,E,R,N,Q,I,K,T,N,Q,T,R,E,K,A,A,R,E,E,Q,R,A,Y,G,L,E,W
B*78:02,B,E,R,N,Q,I,K,T,N,Q,T,R,E,K,A,A,R,E,E,Q,R,A,Y,G,L,E,W
B*78:04,B,E,R,N,Q,I,K,T,N,Q,T,R,E,K,A,A,R,V,E,Q,R,A,Y,G,L,E,W
B*81:01,B,E,R,N,Q,I,K,A,Q,Q,T,R,E,K,A,A,R,V,E,Q,R,A,Y,G,E,E,W
B*81:02,B,E,R,N,Q,I,K,A,Q,Q,T,R,E,K,A,A,R,V,E,Q,R,A,Y,G,E,E,W
B*82:01,B,E,R,N,Q,I,K,A,Q,Q,T,R,E,K,A,A,R,V,E,Q,R,A,Y,D,L,E,S
B*82:02,B,E,R,N,Q,I,K,A,Q,Q,T,R,E,K,A,A,R,V,E,Q,R,A,Y,G,L,E,S
C*01:02,C,E,R,E,Q,K,K,R,Q,Q,T,R,V,K,A,A,R,E,E,Q,R,A,Y,G,T,E,W
C*01:03,C,E,R,E,Q,K,K,R,Q,Q,T,R,V,K,A,A,R,E,E,Q,R,A,Y,G,T,E,W
C*01:06,C,E,R,E,Q,K,K,R,Q,Q,T,R,V,K,A,A,R,V,E,Q,R,A,Y,G,T,E,W
C*01:07,C,E,R,E,Q,K,K,R,Q,Q,T,R,V,K,A,A,R,E,E,Q,R,A,Y,G,T,E,W
C*01:08,C,E,R,E,Q,K,K,R,Q,Q,T,R,V,K,A,A,C,E,E,Q,R,A,Y,G,T,E,W
C*01:10,C,E,R,E,Q,K,K,R,Q,Q,T,R,V,K,A,A,R,E,E,Q,R,A,Y,G,E,E,W
C*01:17,C,E,R,E,Q,K,K,R,Q,Q,A,R,V,K,A,A,R,E,E,Q,R,A,Y,G,T,E,W
C*01:27,C,E,R,E,Q,K,K,R,Q,Q,T,R,V,K,A,A,R,E,E,Q,R,A,Y,G,T,E,W
C*02:02,C,E,R,E,Q,K,K,R,Q,Q,T,R,V,K,A,A,R,E,E,Q,R,A,Y,G,E,E,W
C*02:04,C,E,R,E,Q,K,K,R,Q,Q,T,R,V,K,A,A,R,E,E,Q,R,A,Y,G,E,E,W
C*02:06,C,E,R,E,Q,K,K,R,Q,Q,T,R,V,K,A,A,R,E,E,Q,R,A,Y,G,E,E,W
C*02:07,C,E,R,E,Q,K,K,R,Q,Q,T,R,V,K,A,A,R,E,E,Q,R,A,Y,G,E,E,W
C*02:08,C,E,R,E,Q,K,K,R,Q,Q,T,R,V,K,A,A,R,E,E,Q,R,A,Y,G,E,E,W
C*02:10,C,E,R,E,Q,K,K,R,Q,Q,T,R,V,K,A,A,R,E,E,Q,R,A,Y,G,E,E,W
C*02:14,C,E,R,E,Q,K,K,R,Q,Q,T,R,V,K,A,A,R,E,E,Q,R,A,Y,G,E,E,W
C*03:02,C,E,R,E,Q,K,K,R,Q,Q,T,R,V,K,A,A,R,E,E,Q,R,A,Y,G,L,E,W
C*03:03,C,E,R,E,Q,K,K,R,Q,Q,T,R,V,K,A,A,R,E,E,Q,R,A,Y,G,L,E,W
C*03:04,C,E,R,E,Q,K,K,R,Q,Q,T,R,V,K,A,A,R,E,E,Q,R,A,Y,G,L,E,W
C*03:05,C,E,R,E,Q,K,K,R,Q,Q,T,R,V,K,A,A,R,E,E,Q,R,A,Y,G,L,E,W
C*03:06,C,E,R,E,Q,K,K,R,Q,Q,T,R,V,K,A,A,R,E,E,Q,R,A,Y,G,L,E,W
C*03:07,C,E,R,E,Q,K,K,R,Q,Q,T,R,V,K,A,A,R,E,E,Q,R,A,Y,G,L,E,W
C*03:08,C,E,R,E,Q,N,K,R,Q,Q,T,R,V,K,A,A,R,E,E,Q,R,A,Y,G,L,E,W
C*03:09,C,E,R,E,Q,K,K,R,Q,Q,T,R,V,K,A,A,R,E,E,Q,R,A,Y,G,L,E,W
C*03:10,C,E,R,E,Q,K,K,R,Q,Q,T,R,V,K,A,A,R,E,E,Q,R,A,Y,G,L,E,W
C*03:14,C,E,R,E,Q,K,K,R,Q,Q,T,R,V,K,A,A,R,A,E,Q,R,A,Y,G,T,E,W
C*03:16,C,E,R,E,Q,K,K,R,Q,Q,T,R,V,K,A,A,R,E,E,Q,R,A,Y,G,T,E,W
C*03:17,C,E,R,E,Q,K,K,R,Q,Q,T,R,V,K,A,A,R,E,E,Q,R,A,Y,G,L,E,W
C*03:19,C,E,R,E,Q,K,K,R,Q,Q,T,R,V,K,A,A,R,E,E,Q,R,A,Y,G,L,E,W
C*03:35,C,E,R,E,Q,K,K,R,Q,Q,T,R,V,K,A,A,R,E,E,Q,R,A,Y,G,L,E,W
C*03:36,C,E,R,E,Q,K,K,R,Q,Q,T,R,V,K,A,A,R,V,E,Q,R,A,Y,G,L,E,W
C*03:40,C,E,R,E,Q,K,K,R,Q,Q,T,R,V,K,A,A,R,E,E,Q,R,A,Y,G,L,E,W
C*03:88,C,E,R,E,Q,K,K,R,Q,Q,T,R,V,K,A,A,R,E,E,Q,R,A,Y,G,L,E,W
C*04:01,C,E,R,E,Q,K,K,R,Q,Q,A,R,V,K,A,A,R,E,E,Q,R,A,Y,G,T,E,W
C*04:03,C,E,R,E,Q,K,K,R,Q,Q,A,R,V,K,A,A,R,E,E,Q,R,A,Y,G,T,E,W
C*04:04,C,E,R,E,Q,K,K,R,Q,Q,A,R,V,K,A,A,R,E,E,Q,R,A,Y,G,T,E,W
C*04:05,C,E,R,E,Q,K,K,R,Q,Q,A,R,V,K,A,A,R,E,E,Q,R,A,Y,G,T,E,W
C*04:06,C,E,R,E,Q,K,K,R,Q,Q,A,R,V,K,A,A,R,E,E,Q,R,A,Y,G,T,E,W
C*04:07,C,E,R,E,Q,K,K,R,Q,Q,A,R,V,K,A,A,R,E,E,Q,R,A,Y,G,T,E,W
C*04:08,C,E,R,E,Q,K,K,R,Q,Q,A,R,V,K,A,A,R,E,E,Q,R,A,Y,G,L,E,W
C*04:10,C,E,R,E,Q,K,K,R,Q,Q,T,R,V,K,A,A,R,E,E,Q,R,A,Y,G,T,E,W
C*04:13,C,E,R,E,Q,K,K,R,Q,Q,A,R,V,K,A,A,R,A,E,Q,R,A,Y,G,T,E,W
C*04:19,C,E,R,E,Q,K,K,R,Q,Q,A,R,V,K,A,A,R,E,E,Q,R,A,Y,G,T,E,W
C*04:27,C,E,R,E,Q,K,K,R,Q,Q,A,R,V,K,A,A,R,E,E,Q,R,A,Y,G,T,E,W
C*04:82,C,E,R,E,Q,K,K,R,Q,Q,A,R,V,K,A,A,R,E,E,Q,R,A,Y,G,T,E,W
C*05:01,C,E,R,E,Q,K,K,R,Q,Q,T,R,V,K,A,A,R,E,E,Q,R,A,Y,G,T,E,W
C*05:04,C,E,R,E,Q,K,K,R,Q,Q,T,R,V,K,A,A,R,E,E,Q,R,A,Y,G,T,E,W
C*05:05,C,E,R,E,Q,K,K,R,Q,Q,T,R,V,K,A,A,R,E,E,Q,R,A,Y,G,T,E,W
C*05:08,C,E,R,E,Q,K,K,R,Q,Q,T,R,V,K,A,A,R,E,E,Q,R,A,Y,G,T,E,W
C*05:09,C,E,R,E,Q,K,K,R,Q,Q,T,R,V,K,A,A,R,E,E,Q,R,A,Y,G,T,E,W
C*05:10,C,E,R,E,Q,K,K,R,Q,Q,T,R,V,K,A,A,R,E,E,Q,R,A,Y,G,T,E,W
C*05:14,C,E,R,E,Q,K,K,R,Q,Q,T,R,V,K,A,A,R,E,E,Q,R,A,Y,G,T,E,W
C*06:02,C,E,R,E,Q,K,K,R,Q,Q,A,R,V,K,A,A,R,E,E,Q,R,A,Y,G,T,E,W
C*06:04,C,E,R,E,Q,K,K,R,Q,Q,A,R,V,K,A,A,R,E,E,Q,R,A,Y,G,T,E,W
C*06:06,C,E,R,E,Q,K,K,R,Q,Q,A,R,V,K,A,A,R,E,E,Q,R,A,Y,G,T,E,W
C*06:07,C,E,R,E,Q,K,K,R,Q,Q,A,R,V,K,A,A,R,E,E,Q,R,A,Y,G,T,E,W
C*06:08,C,E,R,E,Q,K,K,R,Q,Q,A,R,V,K,A,A,R,E,E,Q,R,A,Y,G,E,E,W
C*06:09,C,E,R,E,Q,K,K,R,Q,Q,A,R,V,K,A,A,R,E,E,Q,R,A,Y,G,T,E,W
C*06:27,C,E,R,E,Q,K,K,R,Q,Q,A,R,V,K,A,A,R,E,E,Q,R,A,Y,G,T,E,W
C*07:01,C,E,R,E,Q,N,K,R,Q,Q,A,R,V,K,A,A,R,A,E,Q,R,A,Y,G,T,E,W
C*07:02,C,E,R,E,Q,K,K,R,Q,Q,A,R,V,K,A,A,R,A,E,Q,R,A,Y,G,T,E,W
C*07:04,C,E,R,E,Q,K,K,R,Q,Q,A,R,V,K,A,A,R,A,E,Q,R,A,Y,G,T,E,W
C*07:05,C,E,R,E,Q,K,K,R,Q,Q,A,R,V,K,A,A,R,A,E,Q,R,A,Y,G,T,E,W
C*07:06,C,E,R,E,Q,N,K,R,Q,Q,A,R,V,K,A,A,R,A,E,Q,R,A,Y,G,T,E,W
C*07:07,C,E,R,E,Q,N,K,R,Q,Q,A,R,V,K,A,A,R,A,E,Q,R,A,Y,G,T,E,W
C*07:10,C,E,R,E,Q,K,K,R,Q,Q,A,R,V,K,A,A,R,A,E,Q,R,A,Y,G,T,E,W
C*07:12,C,E,R,E,Q,K,K,R,Q,Q,A,R,V,K,A,A,R,A,E,Q,R,A,Y,G,T,E,W
C*07:13,C,E,R,E,Q,K,K,R,Q,Q,A,R,V,K,A,A,R,A,E,Q,R,A,Y,G,T,E,W
C*07:17,C,E,R,E,Q,K,K,R,Q,Q,A,R,V,K,A,A,R,A,E,Q,R,A,Y,G,T,E,W
C*07:18,C,E,R,E,Q,N,K,R,Q,Q,A,R,V,K,A,A,R,A,E,Q,R,A,Y,G,T,E,W
C*07:19,C,E,R,E,Q,N,K,R,Q,Q,A,R,V,K,A,A,R,A,E,Q,R,A,Y,G,T,E,W
C*07:21,C,E,R,E,Q,N,K,R,Q,Q,A,R,V,K,A,A,R,A,E,Q,R,A,Y,G,T,E,W
C*07:22,C,E,R,E,Q,N,K,R,Q,Q,A,R,V,K,A,A,R,A,E,Q,R,A,Y,G,T,E,W
C*07:24,C,E,R,E,Q,N,K,R,Q,Q,A,R,V,K,A,A,R,A,E,Q,R,A,Y,G,T,E,W
C*07:25,C,E,R,E,Q,K,K,R,Q,Q,A,R,V,K,A,A,H,A,E,Q,R,A,Y,G,T,E,W
C*07:26,C,E,R,E,Q,N,K,R,Q,Q,A,R,V,K,A,A,R,A,E,Q,R,A,Y,G,T,E,W
C*07:27,C,E,R,E,Q,K,K,R,Q,Q,A,R,V,K,A,A,R,A,E,Q,R,A,Y,G,T,E,W
C*07:29,C,E,R,E,Q,K,K,R,Q,Q,A,R,V,K,A,A,R,A,E,Q,R,A,Y,G,T,E,W
C*07:35,C,E,R,E,Q,N,K,R,Q,Q,A,R,V,K,A,A,R,A,E,Q,R,A,Y,G,T,E,W
C*07:40,C,E,R,E,Q,N,K,R,Q,Q,T,R,V,K,A,A,R,A,E,Q,R,A,Y,G,T,E,W
C*07:43,C,E,R,E,Q,K,K,R,Q,Q,A,R,V,K,A,A,R,A,E,Q,R,A,Y,G,T,E,W
C*07:46,C,E,R,E,Q,K,K,R,Q,Q,A,R,V,K,A,A,R,A,E,Q,R,A,Y,G,T,E,W
C*07:56,C,E,R,E,Q,K,K,R,Q,Q,A,R,V,K,A,A,R,A,E,Q,R,A,Y,G,T,E,W
C*07:60,C,E,R,E,Q,N,K,R,Q,Q,A,R,V,K,A,A,R,A,E,Q,R,A,Y,G,T,E,W
C*07:66,C,E,R,E,Q,K,K,R,Q,Q,A,R,V,K,A,A,R,A,E,Q,R,A,Y,G,T,E,W
C*07:67,C,E,R,E,Q,K,K,R,Q,Q,A,R,V,K,A,A,R,A,E,Q,R,A,Y,G,T,E,W
C*07:72,C,E,R,E,Q,K,K,R,Q,Q,A,R,V,K,A,A,R,A,E,Q,R,A,Y,G,T,E,W
C*08:01,C,E,R,E,Q,K,K,R,Q,Q,T,R,V,K,A,A,R,T,E,Q,R,A,Y,G,T,E,W
C*08:02,C,E,R,E,Q,K,K,R,Q,Q,T,R,V,K,A,A,R,E,E,Q,R,A,Y,G,T,E,W
C*08:03,C,E,R,E,Q,K,K,R,Q,Q,T,R,V,K,A,A,R,T,E,Q,R,A,Y,G,T,E,W
C*08:04,C,E,R,E,Q,K,K,R,Q,Q,T,R,V,K,A,A,R,E,E,Q,R,A,Y,G,T,E,W
C*08:05,C,E,R,E,Q,K,K,R,Q,Q,A,R,V,K,A,A,R,E,E,Q,R,A,Y,G,T,E,W
C*08:06,C,E,R,E,Q,K,K,R,Q,Q,T,R,V,K,A,A,R,T,E,Q,R,A,Y,G,A,E,W
C*08:10,C,E,R,E,Q,K,K,R,Q,Q,T,R,V,K,A,A,R,T,E,Q,R,A,Y,G,T,E,W
C*08:12,C,E,R,E,Q,K,K,R,Q,Q,T,R,V,K,A,A,R,E,E,Q,R,A,Y,G,T,E,W
C*08:13,C,E,R,E,Q,K,K,R,Q,Q,T,R,V,K,A,A,R,E,E,Q,R,A,Y,G,T,E,W
C*08:22,C,E,R,E,Q,K,K,R,Q,Q,T,R,V,K,A,A,R,T,E,Q,R,A,Y,G,T,E,W
C*12:02,C,E,R,E,Q,K,K,R,Q,Q,A,R,V,K,A,A,R,E,E,Q,R,A,Y,G,T,E,W
C*12:03,C,E,R,E,Q,K,K,R,Q,Q,A,R,V,K,A,A,R,E,E,Q,R,A,Y,G,T,E,W
C*12:04,C,E,R,E,Q,K,K,R,Q,Q,A,R,V,K,A,A,R,E,E,Q,R,A,Y,G,T,E,W
C*12:05,C,E,R,E,Q,K,K,R,Q,Q,T,R,V,K,A,A,R,E,E,Q,R,A,Y,G,T,E,W
C*12:09,C,E,R,E,Q,K,K,R,Q,Q,T,R,V,K,A,A,R,E,E,Q,R,A,Y,G,T,E,W
C*12:12,C,E,R,E,Q,K,K,R,Q,Q,A,R,E,K,A,A,R,E,E,Q,R,A,Y,G,T,E,W
C*12:13,C,E,R,E,Q,K,K,R,Q,Q,A,R,V,K,A,A,R,E,E,Q,R,A,Y,G,T,E,W
C*12:16,C,E,R,E,Q,K,K,R,Q,Q,A,R,V,K,A,A,R,E,E,Q,R,A,Y,G,T,E,W
C*14:02,C,E,R,E,Q,K,K,R,Q,Q,T,R,V,K,A,A,R,E,E,Q,R,A,Y,G,T,E,W
C*14:03,C,E,R,E,Q,K,K,R,Q,Q,T,R,V,K,A,A,R,E,E,Q,R,A,Y,G,T,E,W
C*14:04,C,E,R,E,Q,K,K,R,Q,Q,A,R,V,K,A,A,R,E,E,Q,R,A,Y,G,T,E,W
C*14:05,C,E,R,E,Q,K,K,R,Q,Q,T,R,V,K,A,A,R,E,E,Q,R,A,Y,G,T,E,W
C*14:11,C,E,R,E,Q,K,K,R,Q,Q,T,R,V,K,A,A,R,E,E,Q,R,A,Y,G,T,E,W
C*15:02,C,E,R,E,Q,N,K,R,Q,Q,T,R,V,K,A,A,R,E,E,Q,R,A,Y,G,T,E,W
C*15:03,C,E,R,E,Q,N,K,R,Q,Q,A,R,V,K,A,A,R,E,E,Q,R,A,Y,G,T,E,W
C*15:04,C,E,R,E,Q,N,K,R,Q,Q,T,R,V,K,A,A,R,E,E,Q,R,A,Y,G,T,E,W
C*15:05,C,E,R,E,Q,N,K,R,Q,Q,T,R,V,K,A,A,R,E,E,Q,R,A,Y,G,T,E,W
C*15:06,C,E,R,E,Q,N,K,R,Q,Q,T,R,V,K,A,A,R,E,E,Q,R,A,Y,G,T,E,W
C*15:07,C,E,R,E,Q,N,K,R,Q,Q,T,R,V,K,A,A,R,E,E,Q,R,A,Y,G,T,E,W
C*15:08,C,E,R,E,Q,N,K,R,Q,Q,T,R,V,K,A,A,R,E,E,Q,R,A,Y,G,T,E,W
C*15:09,C,E,R,E,Q,N,K,R,Q,Q,T,R,V,K,A,A,R,E,E,Q,R,A,Y,G,T,E,W
C*15:11,C,E,R,E,Q,K,K,R,Q,Q,T,R,V,K,A,A,R,E,E,Q,R,A,Y,G,T,E,W
C*15:13,C,E,R,E,Q,N,K,R,Q,Q,T,R,V,K,A,A,R,E,E,Q,R,A,Y,G,T,E,W
C*15:22,C,E,R,E,Q,N,K,R,Q,Q,T,R,V,K,A,A,R,E,E,Q,R,A,Y,G,T,E,W
C*16:01,C,E,R,E,Q,K,K,R,Q,Q,T,R,V,K,A,A,R,A,E,Q,R,A,Y,G,T,E,W
C*16:02,C,E,R,E,Q,K,K,R,Q,Q,T,R,V,K,A,A,R,A,E,Q,R,A,Y,G,T,E,W
C*16:04,C,E,R,E,Q,K,K,R,Q,Q,T,R,V,K,A,A,R,A,E,Q,R,A,Y,G,T,E,W
C*17:01,C,E,R,E,Q,K,K,R,Q,Q,A,R,V,K,A,A,R,E,E,Q,R,A,Y,G,E,E,W
C*17:03,C,E,R,E,Q,K,K,R,Q,Q,A,R,V,K,A,A,R,E,E,Q,R,A,Y,G,E,E,W
C*18:01,C,E,R,E,Q,K,K,R,Q,Q,A,R,V,K,A,A,R,E,E,Q,R,A,Y,G,T,E,W
C*18:02,C,E,R,E,Q,K,K,R,Q,Q,A,R,V,K,A,A,R,E,E,Q,R,A,Y,G,T,E,W
