position,contact_freq,helix
19,0.07386363636363637,alpha1
43,0.028409090909090908,alpha1
44,0.056818181818181816,alpha1
47,0.005681818181818182,alpha1
48,0.005681818181818182,alpha1
49,0.005681818181818182,alpha1
50,0.005681818181818182,alpha1
53,0.005681818181818182,alpha1
54,0.005681818181818182,alpha1
55,0.011363636363636364,alpha1
56,0.011363636363636364,alpha1
57,0.022727272727272728,alpha1
58,0.4090909090909091,alpha1
59,0.14204545454545456,alpha1
60,0.022727272727272728,alpha1
61,0.2215909090909091,alpha1
62,0.7386363636363636,alpha1
63,0.2556818181818182,alpha1
64,0.14772727272727273,alpha1
65,0.9431818181818182,alpha1
66,0.9034090909090909,alpha1
67,0.03977272727272727,alpha1
68,0.6079545454545454,alpha1
69,0.9488636363636364,alpha1
70,0.3068181818181818,alpha1
71,0.045454545454545456,alpha1
72,0.875,alpha1
73,0.8181818181818182,alpha1
74,0.03977272727272727,alpha1
75,0.5113636363636364,alpha1
76,0.8238636363636364,alpha1
77,0.05113636363636364,alpha1
78,0.011363636363636364,alpha1
79,0.19318181818181818,alpha1
80,0.16477272727272727,alpha1
81,0.011363636363636364,alpha1
82,0.005681818181818182,alpha1
83,0.03977272727272727,alpha1
84,0.017045454545454544,alpha1
85,0.005681818181818182,alpha1
89,0.005681818181818182,alpha1
106,0.005681818181818182,alpha2
107,0.005681818181818182,alpha2
108,0.011363636363636364,alpha2
109,0.005681818181818182,alpha2
116,0.005681818181818182,alpha2
131,0.03977272727272727,alpha2
142,0.005681818181818182,alpha2
144,0.005681818181818182,alpha2
145,0.022727272727272728,alpha2
146,0.5852272727272727,alpha2
147,0.24431818181818182,alpha2
148,0.028409090909090908,alpha2
149,0.4715909090909091,alpha2
150,0.875,alpha2
151,0.8352272727272727,alpha2
152,0.5852272727272727,alpha2
153,0.03977272727272727,alpha2
154,0.8295454545454546,alpha2
155,0.9715909090909091,alpha2
156,0.13068181818181818,alpha2
157,0.3181818181818182,alpha2
158,0.8409090909090909,alpha2
159,0.6704545454545454,alpha2
160,0.03409090909090909,alpha2
161,0.23863636363636365,alpha2
162,0.36363636363636365,alpha2
163,0.8181818181818182,alpha2
164,0.028409090909090908,alpha2
165,0.011363636363636364,alpha2
166,0.5681818181818182,alpha2
167,0.42613636363636365,alpha2
168,0.022727272727272728,alpha2
169,0.022727272727272728,alpha2
170,0.18181818181818182,alpha2
171,0.005681818181818182,alpha2
177,0.005681818181818182,alpha2
178,0.005681818181818182,alpha2
179,0.005681818181818182,alpha2
181,0.005681818181818182,alpha2
182,0.005681818181818182,alpha2
