position,helix,group,cross_allele_entropy_bits,structural_contact_freq,a0201_residue,source,in_published_consensus
58,alpha1,CONSERVED,-0.0,0.409,E,structure,False
68,alpha1,CONSERVED,0.016,0.608,K,structure+consensus,True
72,alpha1,CONSERVED,-0.0,0.875,Q,structure+consensus,True
75,alpha1,CONSERVED,-0.0,0.511,R,structure+consensus,True
146,alpha2,CONSERVED,-0.0,0.585,K,structure+consensus,True
149,alpha2,CONSERVED,0.244,0.472,A,structure,False
150,alpha2,CONSERVED,0.12,0.875,A,structure+consensus,True
154,alpha2,CONSERVED,-0.0,0.83,E,structure+consensus,True
155,alpha2,CONSERVED,-0.0,0.972,Q,structure+consensus,True
157,alpha2,CONSERVED,-0.0,0.318,R,structure+consensus,True
159,alpha2,CONSERVED,0.016,0.67,Y,structure+consensus,True
162,alpha2,CONSERVED,0.032,0.364,G,structure,False
62,alpha1,VARIABLE,1.309,0.739,G,structure,False
63,alpha1,VARIABLE,0.996,0.256,E,structure,False
65,alpha1,VARIABLE,1.145,0.943,R,structure+consensus,True
66,alpha1,VARIABLE,1.549,0.903,K,structure,False
69,alpha1,VARIABLE,1.538,0.949,A,structure+consensus,True
70,alpha1,VARIABLE,1.79,0.307,H,structure,False
73,alpha1,VARIABLE,0.613,0.818,T,structure,False
76,alpha1,VARIABLE,1.218,0.824,V,structure,False
151,alpha2,VARIABLE,0.833,0.835,H,structure+consensus,True
152,alpha2,VARIABLE,1.488,0.585,V,structure,False
158,alpha2,VARIABLE,0.379,0.841,A,structure+consensus,True
163,alpha2,VARIABLE,1.691,0.818,T,structure,False
166,alpha2,VARIABLE,0.359,0.568,E,structure+consensus,True
167,alpha2,VARIABLE,0.606,0.426,W,structure+consensus,True
