allele,locus,engageability_A,mean_HED,mean_HED_181scope
A*01:01,A,-0.0889602072225927,8.05942674836684,8.103953967971076
A*01:02,A,-0.0889602072225927,8.864865549197347,8.913842706927719
A*01:03,A,-0.0889602072225927,8.036511875221553,8.0809124933167
A*01:06,A,-0.6008347160811912,7.533321517192484,7.574942078060952
A*01:09,A,-0.0889602072225927,8.179748822605966,8.224940805051302
A*01:12,A,-0.6759267923364325,7.010305362839926,7.049036331695394
A*01:17,A,-0.0781447642799575,8.117511520737326,8.162359650686152
A*01:25,A,-0.0889602072225927,8.08484833139211,8.129516001731293
A*02:01,A,0.8626996369438725,6.674051754696915,6.7109249688112635
A*02:02,A,0.8626996369438725,6.918392667240595,6.956615831148
A*02:03,A,0.1068883677698016,7.377069934673621,7.417827227130381
A*02:04,A,0.8626996369438725,6.540107358079707,6.576240547903352
A*02:05,A,0.8626996369438725,6.901402744720716,6.939532041652876
A*02:06,A,0.8626996369438725,6.657061832177041,6.69384117931614
A*02:07,A,0.8626996369438725,7.706056616194865,7.748631514626881
A*02:08,A,0.2908091170624459,6.82121334886312,6.858899610459047
A*02:09,A,0.8626996369438725,6.674051754696915,6.7109249688112635
A*02:10,A,0.8626996369438725,6.156378184027954,6.190391323166231
A*02:11,A,1.566333633562777,6.8708664607282115,6.908827048909031
A*02:12,A,0.8626996369438725,6.904719704258875,6.942867326934338
A*02:122,A,0.8626996369438725,6.3474958221502,6.382564859841637
A*02:123,A,0.8626996369438725,7.595305616042944,7.637268630496219
A*02:13,A,0.1068883677698016,7.262343647136273,7.302467092700564
A*02:131,A,0.7923130251085588,6.933331645313212,6.971637345011075
A*02:137,A,0.8626996369438725,6.652301615435254,6.689054663034346
A*02:14,A,0.8626996369438725,6.801387552539626,6.838964279349238
A*02:16,A,0.7923130251085588,6.933331645313212,6.971637345011075
A*02:17,A,0.8626996369438725,6.534992657112473,6.5710975889197245
A*02:18,A,0.8626996369438725,8.225629209500177,8.271074674746034
A*02:19,A,0.6299865156126719,7.399630323593457,7.440512259082924
A*02:20,A,0.2908091170624459,6.593862358839318,6.630292537617436
A*02:21,A,0.8626996369438725,6.782853091608851,6.820327418081829
A*02:22,A,0.8626996369438725,6.774066946878007,6.811492731114902
A*02:24,A,0.8626996369438725,6.669291537955131,6.706138452529471
A*02:27,A,0.4892391234401813,7.103078948701069,7.142322478804389
A*02:29,A,0.2589457026600321,6.642705221046235,6.679405249891793
A*02:30,A,0.8626996369438725,6.802881450346888,6.840466430735545
A*02:33,A,0.8626996369438725,7.435813034891376,7.476894874863151
A*02:34,A,0.9025798012157024,6.732136527067402,6.76933065152634
A*02:35,A,0.9025798012157024,6.515647946523523,6.551646001476691
A*02:36,A,0.6299865156126719,7.421507064364207,7.462509865824782
A*02:38,A,0.533345871833013,7.745429685521852,7.788222114723629
A*02:39,A,0.8626996369438725,5.979566516432875,6.01260279552919
A*02:44,A,0.8626996369438725,6.635185091406289,6.671843572574281
A*02:45,A,0.4789154190383702,6.46194358636755,6.497644932148585
A*02:49,A,0.8626996369438725,6.879298121233606,6.917305293174124
A*02:58,A,0.8626996369438725,6.591912695599331,6.628332102757339
A*02:60,A,0.8626996369438725,6.7776624297361625,6.815108078519236
A*02:63,A,0.8626996369438725,7.409403960095204,7.450339893576394
A*02:64,A,0.8626996369438725,6.742239327492784,6.779489268528655
A*02:74,A,0.8626996369438725,7.357699903782853,7.398350179494361
A*02:84,A,0.8626996369438725,6.671241201195119,6.708098887389566
A*02:85,A,0.8626996369438725,6.990530207120068,7.029151920971562
A*02:86,A,0.8626996369438725,6.480250164581962,6.5160526516791
A*02:87,A,0.106888367769804,8.367068415455513,8.41329531277847
A*02:93,A,0.8626996369438725,6.249987339849091,6.284517656643838
A*02:96,A,0.8626996369438725,7.543652200334228,7.585329836800162
A*03:01,A,-1.154709610052221,5.734795158758293,5.766479109911654
A*03:02,A,-0.1426100664047106,5.6078391654428525,5.638821702268504
A*03:05,A,-1.154709610052221,5.514078087810806,5.544542607632966
A*03:06,A,-1.154709610052221,6.062946270319542,6.0964432110395395
A*03:07,A,-0.1426100664047106,5.377171215880893,5.406879344145429
A*03:08,A,-1.084883281616452,5.676710386387805,5.708073427196578
A*03:09,A,-1.154709610052221,5.951283739302173,5.984163759961301
A*03:108,A,-1.084883281616452,5.893198966931686,5.925758077246225
A*03:17,A,-1.154709610052221,5.739555375500076,5.771265626193447
A*03:22,A,-1.154709610052221,5.8106041424013775,5.842706927718512
A*03:26,A,-1.154709610052221,5.734795158758293,5.7664791099116535
A*11:01,A,0.0882972875668746,6.35544639692105,6.390559360439952
A*11:02,A,0.0882972875668746,6.661720767711551,6.698525854825979
A*11:03,A,0.1576274931052076,6.595482858155669,6.631921989968683
A*11:04,A,-0.5121946135319154,6.117739403453689,6.151539068666141
A*11:05,A,0.0882972875668746,6.499670836076366,6.535580619701097
A*11:08,A,-0.5037940725172251,6.489289512330988,6.52514194057591
A*11:09,A,0.0882972875668746,6.510102800425381,6.546070219212262
A*11:10,A,-0.751622587212359,6.583734238112118,6.62010846042213
A*11:12,A,0.0882972875668746,5.959842001316655,5.992769305191332
A*11:19,A,0.0650539268631353,6.297361624550565,6.332153677724878
A*11:29,A,0.0882972875668746,6.972223628905656,7.010744201441046
A*11:30,A,0.0882972875668746,6.798450397528739,6.836010896962599
A*23:01,A,-0.4068146501686913,8.85962424672102,8.908572446979148
A*23:03,A,-0.4068146501686913,8.854864029979238,8.903785930697357
A*23:04,A,-0.1943056752028601,8.11216893705373,8.156987549965628
A*23:05,A,-0.4068146501686913,9.910821896997012,9.965577819079869
A*23:06,A,-0.4068146501686913,9.018230617308957,9.068055095857629
A*23:13,A,-0.4853083125265018,8.91770901909151,8.966978129694223
A*23:15,A,-0.4068146501686913,9.018230617308957,9.068055095857629
A*23:17,A,-0.4068146501686913,8.85962424672102,8.908572446979148
A*24:02,A,-1.190585402378468,8.933711449840482,8.983068971662805
A*24:03,A,-0.9649133472911384,8.186256140173192,8.231484074649286
A*24:04,A,-0.6386828056956949,7.178457487213247,7.218117473330448
A*24:05,A,-1.190585402378468,9.009520433483567,9.059296789469665
A*24:06,A,-1.190585402378468,8.803058692459615,8.851694375843369
A*24:07,A,-1.2657960748414632,8.991796222210969,9.04147465437788
A*24:08,A,-0.1024061335731552,8.77882716361979,8.827328971153602
A*24:10,A,-0.2433834041138443,8.423963133640553,8.470504366423098
A*24:13,A,-1.190585402378468,8.703043500278524,8.75112661353973
A*24:14,A,-1.190585402378468,9.65047855370436,9.70379611477455
A*24:17,A,-1.190585402378468,8.908973514964298,8.958194363113272
A*24:20,A,-1.190585402378468,9.062541145490451,9.112610433587086
A*24:22,A,-0.6133951593378678,8.37646224742999,8.422741044377116
A*24:23,A,-0.9001186257546699,8.332101078644857,8.37813478626168
A*24:25,A,-1.190585402378468,9.984909100116472,10.040074343763523
A*24:26,A,-1.190585402378468,9.09231782042842,9.142551620541283
A*24:29,A,-0.6062513919412164,8.490606168025524,8.537515594368205
A*24:30,A,-1.190585402378468,9.150200030384362,9.200753621712453
A*24:31,A,-0.9472734208379024,9.052286423254166,9.10229905542684
A*24:32,A,-1.190585402378468,9.153694232035246,9.204267128344831
A*24:33,A,-0.9649133472911384,8.18625614017319,8.231484074649286
A*24:35,A,-1.190585402378468,9.48609915430192,9.538508541894746
A*24:37,A,-1.190585402378468,9.46900795057477,9.52132291162767
A*24:47,A,-1.190585402378468,9.469691598723855,9.522010336838354
A*24:53,A,-1.190585402378468,8.856687091710134,8.905619064592509
A*24:56,A,-2.420102517039418,9.29133539271788,9.34266873742903
A*24:57,A,-1.190585402378468,8.842710285106598,8.891565038062987
A*24:58,A,-1.190585402378468,9.4597660404112,9.512029941186952
A*24:72,A,-1.190585402378468,9.283739302172483,9.335030679532547
A*24:81,A,-1.190585402378468,9.55172937661417,9.604501362120326
A*24:95,A,-1.190585402378468,9.617359598926416,9.6704941823459
A*25:01,A,-0.8906542294710557,9.108573454195572,9.15889706443975
A*25:02,A,-0.8685274061382722,9.16665822656606,9.217302747154823
A*26:01,A,-0.9678966521430952,7.133336709373576,7.172747409425364
A*26:02,A,-0.9678966521430952,7.151921810907986,7.191435191078749
A*26:03,A,-0.5479755934626492,7.195574011242214,7.235328563790513
A*26:07,A,0.1087952150800577,7.197346432369474,7.237110777299692
A*26:08,A,-0.9678966521430952,7.2639894667544445,7.304122005244801
A*26:09,A,-0.7082067730579236,6.895629715906213,6.933727117651551
A*26:12,A,-0.7899768411034022,6.775712766496177,6.813147643659138
A*26:13,A,-0.9394999200598736,7.191421481744062,7.231153092140438
A*26:14,A,-0.9678966521430952,6.887957664455359,6.926012679176109
A*26:15,A,-0.9678966521430952,7.2536587836127,7.293734246505589
A*26:16,A,-0.9678966521430952,7.424444219375095,7.465463248211421
A*26:17,A,-0.9678966521430952,7.448042740669468,7.489192148076483
A*26:18,A,-0.98126315532664,6.611105484377374,6.6476309290424425
A*26:20,A,-0.9678966521430952,7.150326631893453,7.189831198920488
A*26:31,A,-0.7718487659656267,7.240669468780068,7.28067316750261
A*29:01,A,0.2607564140407595,6.562870309414088,6.599129261399802
A*29:02,A,0.2607564140407595,6.123968197700917,6.157802276141253
A*29:04,A,0.1835879700462709,6.194054793133136,6.228276090332765
A*29:09,A,0.2607564140407595,6.048159214057831,6.081574458334393
A*29:10,A,0.2607564140407595,6.430242568491417,6.46576877052728
A*29:12,A,0.2607564140407595,7.088924899984808,7.12809023092395
A*30:01,A,0.2208163380495403,7.16146756469337,7.201033683835324
A*30:02,A,-0.6784286065210267,7.301134349521446,7.341472108358582
A*30:03,A,-0.6784286065210267,6.748366840532738,6.785650635231815
A*30:04,A,-1.084883281616452,7.012989314832635,7.0517351121521505
A*30:07,A,-0.3584612291718432,7.877145895579075,7.920666038648573
A*30:08,A,0.2208163380495403,6.870360054691853,6.9083178450492655
A*30:09,A,-0.3189962190989945,6.993745885450954,7.03238536548107
A*30:10,A,-0.6784286065210267,7.741429077834606,7.784199404231483
A*30:11,A,0.2208163380495403,6.608700055704665,6.645212210708557
A*30:15,A,0.2208163380495403,7.3352407960702894,7.375766988313771
A*30:16,A,0.2208163380495403,7.377956145237251,7.418718333884972
A*31:01,A,1.3063923773411623,6.319137084114042,6.354049443694784
A*31:02,A,1.109162609737205,6.399326479971641,6.434681874888612
A*31:04,A,1.3063923773411623,6.349445485390184,6.384525294701735
A*31:06,A,1.3063923773411623,6.326530612244899,6.361483820047356
A*31:08,A,-0.1943056752028601,7.838583075910265,7.881890164727449
A*31:09,A,1.2784754707221322,6.644249759457132,6.680958321664077
A*31:11,A,1.3063923773411623,6.494151010280042,6.530030297629655
A*31:12,A,1.3063923773411623,6.519066187268953,6.555083127530107
A*31:13,A,1.3063923773411623,6.56525041778498,6.601522519540698
A*31:15,A,1.20427663011412,6.462298070593002,6.498001374850421
A*31:16,A,1.3063923773411623,6.845191674684762,6.8830104132189325
A*31:18,A,0.730510524512424,6.693269863776776,6.730249255289355
A*31:20,A,1.3063923773411623,6.8580797083101235,6.895969651449959
A*32:01,A,-0.3189962190989945,7.614726287537347,7.656796598518217
A*32:02,A,-1.084883281616452,7.764622474299894,7.8075209410087325
A*32:03,A,-0.3189962190989945,7.394743505342584,7.43559844183619
A*32:04,A,-2.3182342019415327,7.806198409885045,7.849326577895461
A*32:06,A,-1.084883281616452,7.5339545247379345,7.575578582885659
A*32:07,A,-0.3189962190989945,7.88884387501899,7.93242864780915
A*32:08,A,-0.3189962190989945,7.8312148680812275,7.874481248567864
A*33:01,A,0.458963653590192,6.44019344710589,6.475774626371668
A*33:03,A,0.458963653590192,5.994657416316403,6.0277770705501945
A*33:05,A,0.458963653590192,6.675368410391452,6.712248898846653
A*33:09,A,1.6580555123346823,5.978477743454703,6.011508007230695
A*34:01,A,-0.3652154636261584,6.879652605459056,6.917661735875959
A*34:02,A,-0.2478880595963006,6.442168430647693,6.477760521424753
A*34:05,A,-0.3652154636261584,7.421101939535119,7.462102502736972
A*36:01,A,-0.4486381938465857,7.074264445232187,7.113348779183746
A*36:02,A,-0.9093215386785526,6.9741226515420065,7.0126537159151665
A*36:03,A,-0.4486381938465857,7.065326378690434,7.104361331058889
A*36:04,A,0.0650539268631341,7.311971438699549,7.352369070957557
A*43:01,A,0.0344338175021444,7.456221198156682,7.497415790411691
A*66:01,A,-0.515891248322044,7.03717020306882,7.076049596455942
A*66:02,A,-0.4598144096710379,6.66313870461336,6.6999516256333225
A*66:03,A,-0.3991933576457471,6.605053932242872,6.641545942918247
A*66:04,A,-0.515891248322044,7.482706233858308,7.524047152277414
A*68:01,A,-0.1404303933240683,5.7021572897148936,5.733660921149783
A*68:02,A,-0.1404303933240683,6.125082290980909,6.158922524632737
A*68:03,A,-0.175425639645653,5.644072517344407,5.675255238434708
A*68:05,A,-0.175425639645653,5.860561097888287,5.892939888484355
A*68:06,A,-0.1404303933240683,5.797943991492379,5.82997683122438
A*68:07,A,-0.1404303933240683,5.721755203322024,5.753367110522697
A*68:08,A,-0.1404303933240683,5.602142097533802,5.633093158846145
A*68:10,A,-0.2974506105055282,5.526586316908897,5.557119942969168
A*68:12,A,-0.1404303933240683,5.508355699599939,5.5387886040176175
A*68:15,A,-0.175425639645653,6.283486099154302,6.31820149196731
A*68:17,A,-0.1404303933240683,5.881779510811769,5.914275530208519
A*68:20,A,-0.175425639645653,6.019167468476225,6.052422537362833
A*68:22,A,-0.1404303933240683,5.82106142705221,5.853221987422666
A*68:24,A,-0.1404303933240683,5.844356104724769,5.876645364971866
A*68:25,A,-0.1404303933240683,5.962753836025724,5.995697227384984
A*68:27,A,-0.1404303933240683,6.014483212639894,6.0477124016600055
A*68:30,A,0.2368021505354524,5.685977616853193,5.7173918578302825
A*68:31,A,-0.175425639645653,6.066997518610423,6.100516841917661
A*68:35,A,-0.1404303933240683,6.623411151060921,6.660004582834738
A*68:37,A,-0.1404303933240683,6.027168683850713,6.060467958347124
A*68:40,A,-0.208585616381548,6.450194966323998,6.485831402602033
A*69:01,A,-0.1404303933240683,6.434648301007749,6.470198844107238
A*74:01,A,0.581153790557646,5.485238264040107,5.515543447819335
A*74:03,A,0.581153790557646,5.721527320605663,5.753137968785804
A*74:05,A,0.8984000711430188,5.779637413277967,5.811569111693865
A*74:06,A,0.581153790557646,5.7017268445839875,5.733228097868982
A*74:09,A,0.581153790557646,6.048564338886919,6.081981821422207
A*74:11,A,0.581153790557646,5.889274320149896,5.921811747333044
A*80:01,A,-0.4981351275925406,8.169088975540587,8.214222063803243
B*07:02,B,-0.6890184850840922,8.311771561771561,8.357692951615604
B*07:03,B,-1.0873965831224297,7.76996336996337,7.812891344383058
B*07:04,B,-0.6890184850840922,8.631984681984683,8.67967520508957
B*07:05,B,-0.6890184850840922,8.305461205461206,8.351347731458228
B*07:06,B,-0.6890184850840922,8.305461205461206,8.351347731458228
B*07:07,B,-0.6890184850840922,8.118681318681318,8.16353591160221
B*07:08,B,-1.0873965831224297,7.791708291708291,7.8347564038171775
B*07:09,B,-0.6890184850840922,8.441958041958042,8.488598694123555
B*07:10,B,-0.6890184850840922,8.477439227439227,8.52427590825381
B*07:12,B,-0.6890184850840922,8.492923742923743,8.53984597354763
B*07:13,B,0.3167410525586053,10.388311688311688,10.445705675539928
B*07:14,B,-0.6890184850840922,8.67998667998668,8.727942407500418
B*07:15,B,0.7481581673959893,9.26829836829837,9.319504436631508
B*07:16,B,-1.0873965831224297,7.373026973026973,7.413761928679056
B*07:20,B,0.1047862976878049,8.993240093240093,9.042926502595012
B*07:23,B,-0.6890184850840922,8.766433566433568,8.814866901054746
B*07:26,B,-0.6890184850840922,8.014102564102563,8.058379373848986
B*07:36,B,-0.6890184850840922,9.685614385614386,9.739126067302864
B*07:37,B,-0.6577892450457181,7.564352314352315,7.606144316089067
B*07:42,B,-0.6890184850840922,8.913503163503163,8.962749037334673
B*07:46,B,-0.6890184850840922,8.662354312354312,8.710212623472291
B*07:51,B,0.0776370807129655,8.337379287379287,8.383442156370334
B*08:01,B,0.3393942277046227,7.957409257409257,8.001372844466767
B*08:02,B,0.3393942277046227,9.023326673326672,9.073179306880965
B*08:09,B,0.3393942277046227,8.07069597069597,8.115285451197055
B*08:13,B,0.3393942277046227,7.33952713952714,7.380077013226185
B*08:18,B,0.3393942277046227,8.643423243423243,8.691176963000165
B*08:20,B,-0.7081353761236583,7.79998334998335,7.843077180646242
B*08:23,B,0.3393942277046227,7.560472860472861,7.602243428762766
B*08:35,B,0.3393942277046227,8.08759573759574,8.132278586974719
B*13:01,B,-0.1830538323923112,8.29971694971695,8.345571739494392
B*13:02,B,-0.1830538323923112,8.330852480852482,8.376879290138957
B*13:03,B,0.7917239367373607,7.648301698301698,7.690557508789552
B*13:04,B,0.7917239367373607,7.7160839160839165,7.758714213962833
B*13:12,B,0.4957867922415742,8.43897768897769,8.485601875104638
B*14:01,B,-0.7081353761236583,7.569064269064269,7.610882303699984
B*14:02,B,-0.7081353761236583,7.409174159174158,7.450108823037
B*14:03,B,-0.7081353761236583,7.706843156843156,7.749422400803616
B*14:05,B,-0.7081353761236583,7.148285048285048,7.187778335844634
B*15:01,B,-0.2418936816769003,6.423376623376623,6.458864892014063
B*15:02,B,0.024423482926807,6.779104229104228,6.816557843629667
B*15:03,B,-0.2418936816769003,5.704595404595405,5.7361125062782525
B*15:04,B,-0.2418936816769003,6.72975357975358,6.766934538757743
B*15:05,B,0.7917239367373607,6.065501165501165,6.099012221664156
B*15:06,B,-0.2418936816769003,6.627905427905429,6.664523689938055
B*15:07,B,-0.2418936816769003,6.616466866466866,6.653021932027456
B*15:08,B,0.024423482926807,6.547286047286049,6.583458898376025
B*15:09,B,0.024423482926807,5.835930735930736,5.868173447178973
B*15:10,B,0.024423482926807,5.842241092241093,5.874518667336346
B*15:11,B,0.024423482926807,6.5255411255411255,6.561593838941906
B*15:113,B,-0.2418936816769003,6.538411588411589,6.574535409342039
B*15:12,B,-0.2464203330522987,7.539643689643689,7.5812991796417215
B*15:125,B,-0.2418936816769003,6.453096903096903,6.4887493721747855
B*15:13,B,0.024423482926807,8.152947052947052,8.197990959316925
B*15:132,B,-0.2418936816769003,6.307159507159506,6.342005692281935
B*15:14,B,-0.5119964630993726,7.235447885447885,7.27542273564373
B*15:141,B,-0.2418936816769003,6.81063936063936,6.848267202410848
B*15:15,B,0.024423482926807,6.4128871128871126,6.448317428427926
B*15:16,B,0.1555429018887403,10.468847818847818,10.526686757073495
B*15:17,B,0.1555429018887403,10.02985347985348,10.085267034990792
B*15:18,B,0.024423482926807,5.972427572427573,6.0054244098442995
B*15:20,B,0.7917239367373607,6.43974358974359,6.475322283609577
B*15:21,B,0.024423482926807,7.057425907425907,7.096417210781852
B*15:23,B,0.024423482926807,7.346270396270396,7.386857525531559
B*15:24,B,-0.2418936816769003,7.7972194472194465,7.840298007701322
B*15:25,B,-0.2418936816769003,6.789593739593739,6.827105307215805
B*15:27,B,-0.2418936816769003,6.536929736929737,6.573045370835426
B*15:28,B,-0.2418936816769003,6.91090576090576,6.9490875606897715
B*15:29,B,0.024423482926807,5.828504828504829,5.860706512640214
B*15:30,B,-0.2418936816769003,6.286879786879788,6.321613929348736
B*15:31,B,0.9831271958166988,6.341075591075591,6.376109157877115
B*15:32,B,-0.2418936816769003,7.187595737595736,7.227306211284112
B*15:33,B,-0.2418936816769003,7.145521145521146,7.184999162899715
B*15:34,B,-0.2418936816769003,6.522377622377622,6.558412857860373
B*15:35,B,-0.2418936816769003,6.515767565767566,6.551766281600536
B*15:37,B,0.024423482926807,6.172527472527472,6.206629834254144
B*15:38,B,-0.2418936816769003,6.753663003663003,6.790976058931861
B*15:39,B,-0.2418936816769003,6.2282883782883784,6.262698811317596
B*15:40,B,-1.4258761822688404,6.358891108891109,6.3940231039678554
B*15:42,B,-0.9517802063139325,6.587229437229437,6.62362297003181
B*15:44,B,-0.7081353761236583,7.078771228771229,7.1178804620793565
B*15:45,B,-0.2418936816769003,6.486280386280384,6.5221161895195054
B*15:46,B,-0.2418936816769003,6.087379287379288,6.121011217143813
B*15:47,B,-1.4258761822688404,6.132867132867134,6.166750376695127
B*15:48,B,0.3737978282321528,6.188777888777889,6.222970031809812
B*15:52,B,0.0805118612297325,5.94024309024309,5.973062112841119
B*15:53,B,-0.2418936816769003,6.4111721611721615,6.44659300184162
B*15:54,B,-0.2418936816769003,5.8996836496836496,5.93227858697472
B*15:55,B,0.9831271958166988,6.534165834165835,6.570266197890508
B*15:56,B,-0.2418936816769003,6.557775557775558,6.594006361962164
B*15:58,B,-0.2418936816769003,6.341791541791541,6.376829064121883
B*15:63,B,-0.2418936816769003,6.293190143190143,6.32795914950611
B*15:65,B,-0.2418936816769003,6.5259573759573755,6.562012389084212
B*15:71,B,-0.2418936816769003,6.841608391608393,6.879407332998493
B*15:73,B,-0.2418936816769003,6.355594405594407,6.390708186840784
B*15:75,B,-0.0130018656100949,6.3971694971694975,6.4325129750544106
B*15:82,B,-0.2418936816769003,7.108108558108559,7.1473798761091585
B*18:01,B,0.3393942277046227,6.783200133200133,6.820676377029968
B*18:02,B,0.3393942277046227,6.951515151515151,6.989921312573245
B*18:03,B,0.3393942277046227,7.180136530136529,7.21980579273397
B*18:04,B,0.3393942277046227,6.310572760572761,6.345437803448854
B*18:05,B,0.3393942277046227,7.2981185481185475,7.33843964506948
B*18:06,B,0.3581833354252457,7.4258741258741265,7.466901054746359
B*18:08,B,0.3393942277046227,7.825441225441226,7.868675707349741
B*18:11,B,0.3393942277046227,6.452913752913753,6.488565210112171
B*18:12,B,0.170663303038718,6.793689643689644,6.831223840616106
B*18:13,B,0.3393942277046227,7.0808691308691305,7.1199899547965835
B*18:14,B,0.3393942277046227,6.976290376290375,7.014833417043362
B*18:18,B,0.3393942277046227,7.547419247419249,7.589117696300017
B*18:20,B,0.3393942277046227,7.069264069264069,7.108320776829064
B*18:25,B,0.3393942277046227,6.364968364968365,6.400133936045537
B*18:33,B,0.3393942277046227,7.061521811521812,7.100535744182153
B*27:01,B,0.8632261306412583,9.375890775890776,9.427691277415033
B*27:02,B,0.8632261306412583,10.08075258075258,10.136447346392098
B*27:03,B,0.8632261306412583,10.048185148185148,10.103699983257997
B*27:04,B,-0.2976211420175953,9.542507492507491,9.5952285283777
B*27:05,B,0.8632261306412583,9.593606393606391,9.646609743847312
B*27:06,B,-0.2976211420175953,8.975324675324677,9.024912104470111
B*27:07,B,0.8632261306412583,9.053696303696304,9.103716725263688
B*27:08,B,0.8632261306412583,8.706909756909758,8.755014230704838
B*27:09,B,0.8632261306412583,9.436330336330336,9.488464758078017
B*27:10,B,-0.2976211420175953,9.756393606393608,9.810296333500752
B*27:12,B,-0.1830538323923112,7.926673326673327,7.970467101958815
B*27:14,B,0.8632261306412583,9.83066933066933,9.884982420894024
B*27:15,B,0.1740968384452436,9.433250083250083,9.485367487024943
B*27:17,B,0.8632261306412583,9.714035964035965,9.767704671019589
B*27:19,B,0.8632261306412583,9.700532800532802,9.75412690440315
B*27:20,B,-0.2976211420175953,8.977822177822176,9.027423405323958
B*27:24,B,-0.2976211420175953,9.291341991341993,9.342675372509628
B*27:27,B,0.8632261306412583,8.734049284049284,8.782303699983258
B*35:01,B,0.9831271958166988,5.996486846486847,6.029616608069647
B*35:02,B,0.9831271958166988,5.9805028305028305,6.013544282605055
B*35:03,B,0.9831271958166988,5.921212121212122,5.95392600033484
B*35:04,B,0.9831271958166988,5.85999000999001,5.892365645404319
B*35:05,B,0.9831271958166988,5.914335664335664,5.947011551983928
B*35:06,B,0.9831271958166988,5.9149017649017654,5.947580780177465
B*35:08,B,0.9831271958166988,6.294155844155844,6.3289301858362625
B*35:09,B,0.9831271958166988,6.154861804861804,6.188866566214632
B*35:10,B,0.7917239367373607,6.006976356976357,6.040164071655784
B*35:11,B,0.024423482926807,6.159274059274059,6.193303197723087
B*35:12,B,0.9831271958166988,5.760989010989011,5.792817679558011
B*35:13,B,0.7917239367373607,5.931701631701631,5.964473463920978
B*35:14,B,0.024423482926807,6.354362304362304,6.389469278419555
B*35:15,B,0.0805118612297325,6.127089577089577,6.160940900719906
B*35:16,B,0.7917239367373607,6.101065601065601,6.134773145822869
B*35:17,B,0.9831271958166988,6.09057609057609,6.124225682236731
B*35:19,B,0.9831271958166988,6.031618381618382,6.064942240080361
B*35:20,B,0.9831271958166988,5.862087912087912,5.894475138121547
B*35:21,B,0.024423482926807,6.48956043956044,6.525414364640883
B*35:22,B,0.9831271958166988,5.678837828837828,5.710212623472292
B*35:23,B,0.9831271958166988,6.110039960039961,6.143797086891009
B*35:24,B,0.9831271958166988,6.326773226773227,6.361727774987443
B*35:25,B,0.9831271958166988,6.0399600399600395,6.073329984932195
B*35:26,B,0.9831271958166988,6.12948717948718,6.163351749539594
B*35:27,B,0.9831271958166988,6.10957375957376,6.143328310731626
B*35:28,B,0.7917239367373607,5.8725774225774225,5.905022601707684
B*35:29,B,0.9831271958166988,6.393423243423243,6.428746023773648
B*35:30,B,0.9831271958166988,6.18957708957709,6.22377364808304
B*35:31,B,0.0805118612297325,6.104312354312355,6.138037836932865
B*35:32,B,0.9831271958166988,5.622244422244423,5.6533065461242265
B*35:34,B,0.9831271958166988,5.866300366300366,5.898710865561695
B*35:41,B,0.9831271958166988,7.0591908091908095,7.098191863385233
B*35:43,B,0.024423482926807,5.98011988011988,6.013159216474134
B*35:47,B,0.9831271958166988,6.227655677655678,6.262062615101288
B*35:48,B,0.9831271958166988,6.760705960705961,6.798057927339696
B*35:49,B,0.9831271958166988,5.985564435564436,6.01863385233551
B*35:55,B,0.9831271958166988,6.079237429237428,6.112824376360288
B*35:77,B,0.9831271958166988,6.681218781218781,6.71813159216474
B*37:01,B,0.170663303038718,8.475574425574425,8.522400803616273
B*37:02,B,-0.1830538323923112,7.879637029637031,7.923170935878118
B*37:07,B,-1.4258761822688404,8.397102897102897,8.443495730788548
B*38:01,B,-0.1326003260359117,7.572627372627372,7.614465092918131
B*38:02,B,-0.1326003260359117,7.264701964701964,7.30483843964507
B*38:06,B,-0.1326003260359117,7.43962703962704,7.480729951448184
B*38:09,B,-0.1326003260359117,7.819130869130869,7.862330487192365
B*39:01,B,-0.1326003260359117,6.595720945720946,6.632161392934874
B*39:02,B,-0.2928215310668066,6.327888777888777,6.362849489368827
B*39:03,B,-0.1326003260359117,6.788811188811189,6.826318432948268
B*39:04,B,-0.1326003260359117,6.406110556110557,6.441503432111166
B*39:05,B,-0.1326003260359117,6.198784548784549,6.233031977230872
B*39:06,B,-0.1326003260359117,6.902097902097902,6.940231039678553
B*39:07,B,-0.1326003260359117,6.28036963036963,6.3150678051230535
B*39:08,B,-0.2928215310668066,6.228621378621378,6.263033651431442
B*39:09,B,-0.1326003260359117,7.359940059940062,7.400602712204923
B*39:10,B,-0.1326003260359117,6.430053280053281,6.465578436296668
B*39:11,B,-0.1326003260359117,6.496453546453545,6.532345554997488
B*39:12,B,-0.1326003260359117,7.070063270063271,7.109124393102294
B*39:13,B,-0.2928215310668066,5.930952380952381,5.963720073664826
B*39:14,B,-0.1326003260359117,6.733899433899434,6.771103298175121
B*39:15,B,-0.1326003260359117,6.602031302031302,6.6385066130922485
B*39:20,B,-0.1326003260359117,6.146203796203796,6.180160723254645
B*39:22,B,-0.2928215310668066,6.606210456210457,6.64270885652101
B*39:24,B,-0.1326003260359117,7.232517482517482,7.27247614264189
B*39:26,B,-0.1673995642590031,7.154462204462204,7.193989619956472
B*39:31,B,-0.1326003260359117,6.824342324342326,6.862045873095598
B*39:37,B,-0.1326003260359117,6.391874791874792,6.427189017244266
B*39:39,B,-0.1326003260359117,6.317399267399268,6.352302025782689
B*40:01,B,-0.1830538323923112,7.7600233100233105,7.802896366984764
B*40:02,B,-0.1830538323923112,6.9535964035964035,6.992014063284781
B*40:03,B,-0.1830538323923112,7.09009324009324,7.129265025950107
B*40:04,B,-0.1830538323923112,7.134748584748585,7.17416708521681
B*40:05,B,-0.2418936816769003,6.985780885780886,7.024376360287962
B*40:06,B,-0.1830538323923112,7.066883116883116,7.1059266700150685
B*40:07,B,-0.1830538323923112,7.894422244422245,7.938037836932865
B*40:08,B,0.0805118612297325,7.077505827505827,7.116608069646745
B*40:09,B,-0.1830538323923112,7.245970695970695,7.286003683241253
B*40:10,B,-0.1830538323923112,7.207609057609057,7.247430102126235
B*40:11,B,-0.1830538323923112,6.760506160506159,6.797857023271388
B*40:114,B,-0.1830538323923112,7.45024975024975,7.49141135107986
B*40:12,B,-0.1830538323923112,7.019913419913419,7.05869747195714
B*40:129,B,-0.1830538323923112,6.716516816516817,6.753624644232379
B*40:13,B,-0.1830538323923112,8.461838161838163,8.508588648920139
B*40:16,B,-1.4258761822688404,7.815051615051614,7.858228695797757
B*40:19,B,-0.1830538323923112,8.327439227439228,8.373447178972041
B*40:20,B,-0.1830538323923112,6.897002997002996,6.935107985936716
B*40:23,B,-1.4258761822688404,7.91070596070596,7.954411518499915
B*40:26,B,-0.2418936816769003,6.497818847818848,6.533718399464256
B*40:27,B,-0.1830538323923112,7.143323343323344,7.182789218148335
B*40:30,B,-0.1830538323923112,8.34978354978355,8.395914950611083
B*40:32,B,-1.4258761822688404,7.821361971361971,7.864573915955131
B*40:40,B,-0.1830538323923112,6.724975024975025,6.762129583124059
B*40:43,B,-0.1830538323923112,8.156959706959707,8.202025782688766
B*40:50,B,-0.1830538323923112,7.350532800532801,7.391143478988782
B*40:64,B,-0.1830538323923112,7.035747585747586,7.0746191193704995
B*40:90,B,-0.1830538323923112,7.408258408258409,7.4491880127239245
B*40:94,B,-0.1830538323923112,6.613053613053613,6.649589820860538
B*41:01,B,0.170663303038718,7.563336663336663,7.605123053741838
B*41:02,B,0.170663303038718,7.542440892440892,7.584111836598026
B*41:03,B,0.170663303038718,7.349350649350649,7.389954796584632
B*41:07,B,0.170663303038718,7.662337662337662,7.704671019588147
B*42:01,B,0.7126521891589402,8.032850482850485,8.077230872258497
B*42:02,B,0.7126521891589402,8.261471861471863,8.307115352419219
B*42:05,B,0.7126521891589402,8.353629703629704,8.399782353926
B*44:02,B,0.5209757491165903,9.247419247419248,9.298509961493387
B*44:03,B,0.5209757491165903,8.62953712953713,8.677214130252805
B*44:04,B,-0.1651275771480589,8.948551448551449,8.997990959316926
B*44:05,B,0.5209757491165903,8.98028638028638,9.029901222166416
B*44:06,B,0.6809884998518946,9.124292374292374,9.174702829398962
B*44:07,B,0.5209757491165903,8.433499833499832,8.480093755231877
B*44:08,B,0.5209757491165903,9.583416583416584,9.636363636363637
B*44:09,B,0.5209757491165903,8.18150183150183,8.22670349907919
B*44:10,B,0.5209757491165903,8.351298701298703,8.39743847312908
B*44:12,B,0.6809884998518946,9.236929736929737,9.28796249790725
B*44:15,B,0.5209757491165903,9.195970695970695,9.246777163904236
B*44:18,B,0.5209757491165903,9.616983016983015,9.670115519839277
B*44:20,B,0.5209757491165903,9.278554778554778,9.329817512137955
B*44:21,B,-0.4754681827071931,9.378021978021978,9.429834254143646
B*44:22,B,0.5209757491165903,9.277139527139528,9.328394441654112
B*44:24,B,0.5209757491165903,9.403379953379954,9.455332328812991
B*44:27,B,0.5209757491165903,9.247419247419248,9.298509961493387
B*44:29,B,0.1134603617328131,8.889310689310689,8.938422903063787
B*44:50,B,0.5209757491165903,8.937462537462538,8.986840783525867
B*45:01,B,0.5209757491165903,8.243140193140194,8.288682404152018
B*46:01,B,0.1913799454740252,8.817449217449218,8.866164406495898
B*47:01,B,-0.1830538323923112,7.907209457209457,7.950895697304537
B*47:02,B,-0.1830538323923112,7.020512820512821,7.059300184162062
B*47:03,B,-0.1830538323923112,7.538311688311689,7.579959819186338
B*48:01,B,-0.1830538323923112,7.402614052614053,7.44351247279424
B*48:02,B,0.7917239367373607,6.1056610056610054,6.13939393939394
B*48:03,B,-0.1830538323923112,7.209523809523811,7.249355432780848
B*48:04,B,-0.1830538323923112,6.812004662004663,6.849640046877616
B*48:05,B,-1.4258761822688404,7.264552114552115,7.304687761593839
B*48:06,B,0.0805118612297325,7.526523476523477,7.568106479156203
B*48:07,B,-0.1830538323923112,7.457525807525808,7.498727607567384
B*48:12,B,-0.1830538323923112,6.50922410922411,6.54518667336347
B*48:13,B,-0.1830538323923112,6.2134865134865125,6.247815168257156
B*49:01,B,-0.2418936816769003,8.34981684981685,8.395948434622468
B*50:01,B,-0.2418936816769003,6.9759740259740255,7.014515318935209
B*50:02,B,-0.5119964630993726,7.788045288045287,7.831073162564875
B*50:04,B,-0.2418936816769003,6.876973026973027,6.914967353088901
B*51:01,B,0.024423482926807,7.659040959040959,7.701356102461074
B*51:02,B,0.024423482926807,7.328754578754579,7.369244935543278
B*51:03,B,-0.0688208344850141,8.528804528804528,8.575924995814498
B*51:04,B,0.024423482926807,7.627905427905427,7.670048551816508
B*51:05,B,0.9831271958166988,7.463636363636364,7.504871923656455
B*51:06,B,0.024423482926807,7.352664002664002,7.393286455717396
B*51:07,B,0.024423482926807,7.524642024642024,7.566214632512976
B*51:08,B,0.9831271958166988,8.114135864135864,8.158965344048218
B*51:09,B,0.9831271958166988,7.496253746253745,7.537669512807635
B*51:10,B,0.0805118612297325,7.5914418914418915,7.63338355935041
B*51:13,B,0.024423482926807,7.713952713952715,7.756571237234221
B*51:14,B,0.024423482926807,8.094239094239095,8.138958647245941
B*51:17,B,0.024423482926807,7.945104895104895,7.989000502260171
B*51:19,B,0.556691367676481,7.756027306027306,7.798878285618617
B*51:21,B,-0.7081353761236583,7.680386280386279,7.722819353758581
B*51:22,B,0.024423482926807,7.802963702963704,7.84607399966516
B*51:23,B,-0.2770698068396991,8.140825840825842,8.185802779172944
B*51:29,B,0.024423482926807,7.956709956709956,8.000669680227693
B*51:34,B,-1.0873965831224297,7.4593573093573085,7.500569228193536
B*51:40,B,0.9831271958166988,7.165967365967365,7.2055583458898385
B*51:43,B,0.024423482926807,8.343772893772895,8.38987108655617
B*51:50,B,0.024423482926807,7.911888111888112,7.95560020090407
B*52:01,B,-0.2418936816769003,7.535131535131535,7.576762096099113
B*52:02,B,-0.2418936816769003,8.102297702297703,8.147061778001005
B*52:03,B,0.7917239367373607,7.042057942057942,7.080964339527876
B*52:04,B,-0.2418936816769003,7.951448551448551,7.995379206428929
B*52:21,B,-0.2418936816769003,7.73021978021978,7.77292817679558
B*53:01,B,0.9831271958166988,7.370329670329669,7.411049723756905
B*53:05,B,0.9831271958166988,7.257242757242756,7.297338021094928
B*53:06,B,0.024423482926807,7.863403263403264,7.9068474803281426
B*54:01,B,0.7126521891589402,7.296786546786547,7.337100284614095
B*55:01,B,-0.2911984625122454,7.05004995004995,7.089000502260171
B*55:02,B,0.7126521891589402,6.887262737262738,6.92531391260673
B*55:04,B,0.7126521891589402,6.901132201132201,6.939260003348401
B*55:07,B,0.7126521891589402,7.1408258408258405,7.180277917294491
B*55:12,B,0.7126521891589402,7.0003496503496505,7.0390256152687085
B*56:01,B,1.300558514360887,6.865917415917416,6.9038506613092245
B*56:02,B,1.300558514360887,6.55954045954046,6.595781014565544
B*56:03,B,0.385533753628092,6.8861971361971355,6.924242424242424
B*56:04,B,1.300558514360887,6.46053946053946,6.496233048719235
B*56:10,B,0.7126521891589402,6.58088578088578,6.61724426586305
B*56:15,B,1.300558514360887,6.797202797202797,6.834756403817177
B*57:01,B,0.8328206704226081,10.392174492174492,10.449589820860538
B*57:02,B,0.8328206704226081,10.553346653346653,10.611652435961826
B*57:03,B,0.8328206704226081,10.255677655677657,10.312338858195211
B*57:04,B,0.8328206704226081,11.112853812853814,11.174250795245271
B*57:05,B,0.8328206704226081,10.623892773892774,10.682588314080029
B*58:01,B,0.8328206704226081,9.60949050949051,9.662581617277748
B*58:02,B,0.8328206704226081,9.78822843822844,9.8423070483844
B*58:04,B,0.2501972294049245,9.237445887445888,9.28848150008371
B*59:01,B,0.3393942277046227,7.344105894105894,7.384681064791563
B*67:01,B,0.3129378287652702,6.971861471861472,7.010380043529216
B*67:02,B,-0.2767692769169445,9.0484015984016,9.09839276745354
B*73:01,B,1.2043354809977511,10.27066267066267,10.327406663318264
B*78:01,B,0.024423482926807,6.682134532134533,6.719052402477818
B*78:02,B,0.024423482926807,6.285198135198136,6.319922986773816
B*78:04,B,0.9831271958166988,5.792124542124542,5.824125230202578
B*81:01,B,0.4352110071109735,8.443523143523143,8.490172442658631
B*81:02,B,0.4352110071109735,8.443523143523143,8.490172442658631
B*82:01,B,1.019165652222301,8.672360972360972,8.720274568893354
B*82:02,B,1.019165652222301,8.157442557442556,8.20251130085384
C*01:02,C,-0.4898528552519616,5.687903366474796,5.503200912040692
C*01:03,C,-0.4898528552519616,5.749607535321821,5.565245987897923
C*01:06,C,-0.2767692769169445,6.075396825396825,5.89283521880207
C*01:07,C,-0.4898528552519616,6.369265654979941,6.188327633079015
C*01:08,C,0.3459757945848856,6.667538810395954,6.488248706480751
C*01:10,C,-0.0960224223865761,5.971568114425257,5.788432868543364
C*01:17,C,-0.0655809818114181,5.710666317809173,5.52608962553714
C*01:27,C,-0.4898528552519616,6.560047095761382,6.3801631149697435
C*02:02,C,-0.0960224223865761,4.5652799581371015,4.374375164430413
C*02:04,C,-0.0960224223865761,5.6227542298970885,5.43769183548189
C*02:06,C,-0.0960224223865761,4.9475841618698775,4.758791546084364
C*02:07,C,-0.0960224223865761,5.172117564974709,4.9845654652284495
C*02:08,C,-0.0960224223865761,4.498255712541426,4.306980619135315
C*02:10,C,-0.0960224223865761,4.565279958137102,4.374375164430413
C*02:14,C,-0.0960224223865761,4.763038548752835,4.573226343944574
C*03:02,C,0.1913799454740252,5.2668759811616965,4.626677190213101
C*03:03,C,0.1913799454740252,5.905285190999475,5.26861352275717
C*03:04,C,0.1913799454740252,5.267530088958659,4.627334911865298
C*03:05,C,0.1913799454740252,5.5154805511948375,4.876655266158028
C*03:06,C,0.1913799454740252,6.0272980987266696,5.391300534946943
C*03:07,C,0.1913799454740252,5.371315192743763,4.731693414013856
C*03:08,C,0.438830394084748,5.5995552066980645,4.961194422520388
C*03:09,C,0.1913799454740252,5.137755102040816,4.496842936069455
C*03:10,C,0.1913799454740252,5.337214372928658,4.69740419187933
C*03:14,C,-0.588756173773056,5.3420547706262,4.702271332105585
C*03:16,C,-0.4898528552519616,4.665227629513346,4.021704814522494
C*03:17,C,0.1913799454740252,5.2526164311878585,4.612338858195213
C*03:19,C,0.1913799454740252,5.289464503750218,4.649390511268964
C*03:35,C,0.1913799454740252,4.96838478981336,4.326536876260635
C*03:36,C,0.3156376328706532,5.654369440083726,5.016311496974481
C*03:40,C,0.1913799454740252,5.282705389848247,4.642594054196265
C*03:88,C,0.1913799454740252,6.063361241932672,5.427562922038061
C*04:01,C,-0.0655809818114181,6.319945927088785,5.685565202139788
C*04:03,C,-0.0655809818114181,5.100165707308564,4.459045865123214
C*04:04,C,-0.0655809818114181,6.165314843886273,5.530079803560467
C*04:05,C,-0.0655809818114181,6.494374672946101,5.8609576427256
C*04:06,C,-0.0655809818114181,4.9455346241060525,4.303560466543892
C*04:07,C,-0.0655809818114181,5.802023373451946,5.164781197930369
C*04:08,C,0.5700930933142511,6.689604046746904,6.057265631851265
C*04:10,C,-0.4898528552519616,6.297182975754406,5.662676488643339
C*04:13,C,-0.2282347034504433,6.4107796964939805,5.776900815574847
C*04:19,C,-0.0655809818114181,6.401709401709401,5.767780408664386
C*04:27,C,-0.0655809818114181,6.439778475492763,5.806059808822239
C*04:82,C,-0.0655809818114181,6.319945927088785,5.685565202139788
C*05:01,C,-0.4898528552519616,4.79007500436072,4.600412172235378
C*05:04,C,-0.4898528552519616,4.74354613640328,4.5536262387091115
C*05:05,C,-0.4898528552519616,4.9198499912785625,4.73090414803122
C*05:08,C,-0.4898528552519616,4.750523286237573,4.560641936332545
C*05:09,C,-0.4898528552519616,4.567852782138496,4.376962202929054
C*05:10,C,-0.4898528552519616,5.089220303506019,4.901210207840043
C*05:14,C,-0.4898528552519616,5.138932496075355,4.951197053406998
C*06:02,C,-0.0655809818114181,4.790467469038899,4.600806805226695
C*06:04,C,-0.0655809818114181,4.6753881039595315,4.485091642550207
C*06:06,C,-0.0655809818114181,4.830019187162045,4.640577041129528
C*06:07,C,-0.0655809818114181,5.07936507936508,4.891300534946944
C*06:08,C,0.3167410525586053,5.0741322169893595,4.886038761729369
C*06:09,C,-0.0655809818114181,4.836996336996336,4.647592738752959
C*06:27,C,-0.0655809818114181,5.775292168149311,5.591072524774182
C*07:01,C,0.0144911122864587,5.048403976975407,4.860168376742964
C*07:02,C,-0.2282347034504433,5.275684632827493,5.0887047268262755
C*07:04,C,-0.2282347034504433,5.614250828536544,5.429141454003332
C*07:05,C,-0.2282347034504433,5.161041339612768,4.973428045251251
C*07:06,C,0.0144911122864587,5.048403976975407,4.860168376742963
C*07:07,C,0.0144911122864587,4.970870399441826,4.782206436902569
C*07:10,C,-0.2282347034504433,5.574829931972791,5.389502762430938
C*07:12,C,-0.2282347034504433,5.430708180708182,5.244584758396912
C*07:13,C,-0.2282347034504433,5.266439909297054,5.079408927475225
C*07:17,C,-0.2282347034504433,5.092141984999129,4.904148031219855
C*07:18,C,0.0144911122864587,5.048403976975407,4.860168376742963
C*07:19,C,0.0144911122864587,5.607709750566895,5.422564237481365
C*07:21,C,0.0144911122864587,5.451770451770453,5.26576339559765
C*07:22,C,0.0144911122864587,5.163483342054769,4.975883539419452
C*07:24,C,0.0144911122864587,5.451770451770453,5.26576339559765
C*07:25,C,-0.0640335645773914,5.4322344322344325,5.2461194422520405
C*07:26,C,0.0144911122864587,4.8506453863596715,4.661317197228799
C*07:27,C,-0.2282347034504433,4.716378859236,4.52630886608787
C*07:29,C,-0.2282347034504433,5.260509331937903,5.073445584495306
C*07:35,C,0.0144911122864587,6.056471306471308,5.8738051389985095
C*07:40,C,-0.3516613048689973,5.0256410256410255,4.837279663246513
C*07:43,C,-0.2282347034504433,5.015524158381303,4.827106901692538
C*07:46,C,-0.2282347034504433,5.809872667015524,5.62584407612032
C*07:56,C,-0.2282347034504433,5.913439734868307,5.729983337718144
C*07:60,C,0.0144911122864587,5.504840397697542,5.319126545645883
C*07:66,C,-0.2282347034504433,5.275684632827492,5.0887047268262755
C*07:67,C,-0.2282347034504433,5.935243328100472,5.751907392791371
C*07:72,C,-0.2282347034504433,5.526425954997383,5.3408313601683775
C*08:01,C,-1.024536445708961,4.338697017268447,4.146540384109445
C*08:02,C,-0.4898528552519616,4.686289900575615,4.49605367008682
C*08:03,C,-1.024536445708961,5.000087214372926,4.811584670700694
C*08:04,C,-0.4898528552519616,4.531658817373103,4.340568271507499
C*08:05,C,-0.0655809818114181,4.709052851909994,4.518942383583268
C*08:06,C,-0.588756173773056,5.270887842316413,5.083881434710164
C*08:10,C,-1.024536445708961,4.4424821210535494,4.250898886258002
C*08:12,C,-0.4898528552519616,4.970521541950113,4.781855652021399
C*08:13,C,-0.4898528552519616,4.353523460666318,4.16144874155924
C*08:22,C,-1.024536445708961,4.338697017268447,4.146540384109445
C*12:02,C,-0.0655809818114181,3.872274550845979,3.677540997982987
C*12:03,C,-0.0655809818114181,4.156506192220478,3.9633429799175657
C*12:04,C,-0.0655809818114181,4.260291296005581,4.0677014820661235
C*12:05,C,-0.4898528552519616,4.237528344671203,4.044812768569676
C*12:09,C,-0.4898528552519616,4.277080062794347,4.084583004472507
C*12:12,C,-0.4654934741869951,4.816064887493457,4.626545645882662
C*12:13,C,-0.0655809818114181,4.641636141636143,4.451153205296851
C*12:16,C,-0.0655809818114181,4.221132042560614,4.028325879154609
C*14:02,C,-0.4898528552519616,4.8099162742019885,4.620363062352013
C*14:03,C,-0.4898528552519616,4.876940519797662,4.68775760764711
C*14:04,C,-0.0655809818114181,4.866780045351473,4.677540997982987
C*14:05,C,-0.4898528552519616,4.732208267922554,4.542225730071034
C*14:11,C,-0.4898528552519616,4.8099162742019885,4.620363062352013
C*15:02,C,-0.2722753271681781,4.91871620443049,4.729764097167412
C*15:03,C,0.1576274931052087,4.9414791557648705,4.75265281066386
C*15:04,C,-0.2722753271681781,4.536412000697715,4.345347715513461
C*15:05,C,-0.2722753271681781,4.902712366998082,4.713671840743663
C*15:06,C,-0.2722753271681781,4.896781789638932,4.707708497763747
C*15:07,C,-0.2722753271681781,4.814931100645388,4.6254055950188535
C*15:08,C,-0.2722753271681781,5.073347287633003,4.885249495746734
C*15:09,C,-0.2722753271681781,4.911957090528521,4.722967640094711
C*15:11,C,-0.4898528552519616,4.847985347985348,4.658642462509867
C*15:13,C,-0.2722753271681781,4.91871620443049,4.729764097167411
C*15:22,C,-0.2722753271681781,4.603567067852784,4.412873805138998
C*16:01,C,-0.588756173773056,4.538461538461537,4.347408576690343
C*16:02,C,-0.588756173773056,4.642246642246642,4.4517670788389
C*16:04,C,-0.588756173773056,4.379208093493807,4.187275278435499
C*17:01,C,0.3167410525586053,5.822780394208966,5.185652898360082
C*17:03,C,0.3167410525586053,5.822780394208966,5.185652898360082
C*18:01,C,-0.0655809818114181,4.670024420024421,4.479698325002192
C*18:02,C,-0.0655809818114181,4.670024420024421,4.479698325002192
