cancer_type,locus,stratum,n_intype,n_rest,chi2,dof,p,fdr
Non-Small Cell Lung Cancer,A,nonASJ-EUR,3502,22827,62.84955694885859,34,0.0018789001602049409,0.04482682748635929
Non-Small Cell Lung Cancer,A,AFR,221,2012,22.63080556305296,27,0.7046783060043587,0.9706307115973359
Non-Small Cell Lung Cancer,A,EAS,472,2006,35.548069290488115,23,0.04584590672637159,0.32268465118946155
Non-Small Cell Lung Cancer,B,nonASJ-EUR,3502,22827,98.64745127503035,61,0.0016238309865338396,0.04482682748635929
Non-Small Cell Lung Cancer,B,AFR,221,2012,45.07664015222955,40,0.2679329336253472,0.7908343040877184
Non-Small Cell Lung Cancer,B,EAS,472,2006,38.87353564615223,43,0.6508066321110229,0.9682732819212779
Non-Small Cell Lung Cancer,C,nonASJ-EUR,3502,22827,53.02850136607555,30,0.00588736504068024,0.09794434567677127
Non-Small Cell Lung Cancer,C,AFR,221,2012,21.453447653045362,23,0.5534170563228272,0.9281626763357194
Non-Small Cell Lung Cancer,C,EAS,472,2006,23.953235706469535,23,0.4064017859716486,0.8960424919615867
Breast Cancer,A,nonASJ-EUR,3006,23323,32.16228951498921,34,0.5579119912400499,0.9281626763357194
Breast Cancer,A,AFR,429,1804,26.484034542788947,27,0.49187982848737577,0.909486920053654
Breast Cancer,A,EAS,286,2192,47.26893572072543,23,0.0020728138790127152,0.04482682748635929
Breast Cancer,B,nonASJ-EUR,3006,23323,65.30580300850906,61,0.3295794579971504,0.8421908261217773
Breast Cancer,B,AFR,429,1804,26.409972621774084,40,0.9514957145875673,0.995521285203294
Breast Cancer,B,EAS,286,2192,82.55649265134468,43,0.0002700890944593651,0.02385537189757248
Breast Cancer,C,nonASJ-EUR,3006,23323,37.95520180039522,30,0.15090314291995996,0.6613649785272052
Breast Cancer,C,AFR,429,1804,28.21015278279371,23,0.20793889786262004,0.7233572498173044
Breast Cancer,C,EAS,286,2192,52.79188612565193,23,0.0003910716704520079,0.02385537189757248
Colorectal Cancer,A,nonASJ-EUR,2777,23552,41.7662458982618,34,0.16906333665503692,0.6746427495687609
Colorectal Cancer,A,AFR,259,1974,26.89864221158691,27,0.46927370596942597,0.909486920053654
Colorectal Cancer,A,EAS,297,2181,23.678657718587985,23,0.42177694721422826,0.9090430893678437
Colorectal Cancer,B,nonASJ-EUR,2777,23552,56.24546456617734,61,0.6485365560308113,0.9682732819212779
Colorectal Cancer,B,AFR,259,1974,26.56697111289859,40,0.9491167250875183,0.995521285203294
Colorectal Cancer,B,EAS,297,2181,46.86573391675686,43,0.3168863363330843,0.8356193806852205
Colorectal Cancer,C,nonASJ-EUR,2777,23552,48.48575760041048,30,0.01772164864123426,0.18017009451921498
Colorectal Cancer,C,AFR,259,1974,18.84930827112212,23,0.7099355588840119,0.9706307115973359
Colorectal Cancer,C,EAS,297,2181,16.42138262344968,23,0.8366454176677767,0.995521285203294
Prostate Cancer,A,nonASJ-EUR,1698,24631,60.869169773048526,34,0.003115827951689221,0.05701965151591275
Prostate Cancer,A,AFR,188,2045,22.325130897277848,27,0.720678255721265,0.9706307115973359
Prostate Cancer,A,EAS,52,2426,21.262846968921565,23,0.5650393894115682,0.9306626715435653
Prostate Cancer,B,nonASJ-EUR,1698,24631,81.33846665175963,61,0.04199248761528074,0.3201927180665156
Prostate Cancer,B,AFR,188,2045,58.94305097990546,40,0.027081866044168495,0.22527188573103796
Prostate Cancer,B,EAS,52,2426,28.966467107267903,43,0.9499745818891601,0.995521285203294
Prostate Cancer,C,nonASJ-EUR,1698,24631,29.161957156068596,30,0.5091008617084009,0.9224302741845284
Prostate Cancer,C,AFR,188,2045,18.734189940594934,23,0.7165401587258478,0.9706307115973359
Prostate Cancer,C,EAS,52,2426,14.35519976827912,23,0.9162465464281009,0.995521285203294
Pancreatic Cancer,A,nonASJ-EUR,1472,24857,34.50620584971322,34,0.4435630134612026,0.909486920053654
Pancreatic Cancer,A,AFR,99,2134,33.01803322626229,27,0.19647553503707266,0.7050004492506725
Pancreatic Cancer,A,EAS,144,2334,37.178349764711655,23,0.031141949631788318,0.2477815992442288
Pancreatic Cancer,B,nonASJ-EUR,1472,24857,42.179273245471116,61,0.9683792970504246,0.995521285203294
Pancreatic Cancer,B,AFR,99,2134,52.38537400103365,40,0.09077713038842529,0.5605051649567452
Pancreatic Cancer,B,EAS,144,2334,44.09265133574478,43,0.4251807715446457,0.9090430893678437
Pancreatic Cancer,C,nonASJ-EUR,1472,24857,14.910001501634724,30,0.9902384205962349,0.995521285203294
Pancreatic Cancer,C,AFR,99,2134,21.459477370387162,23,0.5530497108172409,0.9281626763357194
Pancreatic Cancer,C,EAS,144,2334,26.137800842575356,23,0.2944040672124647,0.8163021863618339
Endometrial Cancer,A,nonASJ-EUR,1196,25133,33.66799878013831,34,0.48379576879321173,0.909486920053654
Endometrial Cancer,A,AFR,204,2029,23.987498355082497,27,0.6310094843377566,0.9622894636150789
Endometrial Cancer,A,EAS,131,2347,23.296892821908234,23,0.44354985888631454,0.909486920053654
Endometrial Cancer,B,nonASJ-EUR,1196,25133,47.93102684997703,61,0.8885009669874935,0.995521285203294
Endometrial Cancer,B,AFR,204,2029,48.419995969111405,40,0.169582330492694,0.6746427495687609
Endometrial Cancer,B,EAS,131,2347,39.45085742089588,43,0.6260119945727386,0.9622894636150789
Endometrial Cancer,C,nonASJ-EUR,1196,25133,32.4971010785102,30,0.3447761424555893,0.8421908261217773
Endometrial Cancer,C,AFR,204,2029,29.83367299138256,23,0.1542361656269399,0.6613649785272052
Endometrial Cancer,C,EAS,131,2347,23.58282766674652,23,0.42720057751712875,0.9090430893678437
Soft Tissue Sarcoma,A,nonASJ-EUR,1083,25246,38.15945714267279,34,0.28591458886503546,0.8163021863618339
Soft Tissue Sarcoma,A,AFR,94,2139,22.137504721955906,27,0.7303573974366899,0.9706307115973359
Soft Tissue Sarcoma,A,EAS,107,2371,31.871971335174543,23,0.10283539973876961,0.6070605855546722
Soft Tissue Sarcoma,B,nonASJ-EUR,1083,25246,73.90574438870287,61,0.12418522786427694,0.6493113342617909
Soft Tissue Sarcoma,B,AFR,94,2139,37.255314800000946,40,0.5944947882932403,0.9460221413709824
Soft Tissue Sarcoma,B,EAS,107,2371,53.91880486007161,43,0.1228450220836406,0.6493113342617909
Soft Tissue Sarcoma,C,nonASJ-EUR,1083,25246,36.92080140831465,30,0.1794634507404052,0.6765972722657698
Soft Tissue Sarcoma,C,AFR,94,2139,22.615525091924518,23,0.48340027885105075,0.909486920053654
Soft Tissue Sarcoma,C,EAS,107,2371,25.23179553136673,23,0.33844570979099253,0.8421908261217773
Ovarian Cancer,A,nonASJ-EUR,1119,25210,41.38908527045032,34,0.17933624499203635,0.6765972722657698
Ovarian Cancer,A,AFR,80,2153,44.20344003428167,27,0.01969942829035508,0.1897365987965779
Ovarian Cancer,A,EAS,128,2350,24.69170501495354,23,0.3663745326911058,0.859571019006056
Ovarian Cancer,B,nonASJ-EUR,1119,25210,64.80921677295922,61,0.3453005969537558,0.8421908261217773
Ovarian Cancer,B,AFR,80,2153,38.08823252160774,40,0.5565874460645764,0.9281626763357194
Ovarian Cancer,B,EAS,128,2350,34.19881677225909,43,0.8288347483441013,0.995521285203294
Ovarian Cancer,C,nonASJ-EUR,1119,25210,29.378787083575197,30,0.49777001664809617,0.9109191304660159
Ovarian Cancer,C,AFR,80,2153,21.42045762705276,23,0.5554272978594148,0.9281626763357194
Ovarian Cancer,C,EAS,128,2350,24.118855854011525,23,0.3972514723093563,0.8865490174708806
Glioma,A,nonASJ-EUR,1258,25071,34.56266231359547,34,0.44089268997572095,0.909486920053654
Glioma,A,AFR,52,2181,22.673621675775458,27,0.7024158234817053,0.9706307115973359
Glioma,A,EAS,60,2418,18.414044274462295,23,0.7346596431674433,0.9706307115973359
Glioma,B,nonASJ-EUR,1258,25071,73.1248170916265,61,0.13744244821745755,0.6613649785272052
Glioma,B,AFR,52,2181,38.814634175078496,40,0.5235447557011289,0.9281626763357194
Glioma,B,EAS,60,2418,37.43686486657207,43,0.7105988004398245,0.9706307115973359
Glioma,C,nonASJ-EUR,1258,25071,24.523047220177812,30,0.747863007296308,0.9706307115973359
Glioma,C,AFR,52,2181,32.803359327929115,23,0.08455480185050934,0.5526260263801146
Glioma,C,EAS,60,2418,14.459269787603953,23,0.9129613564159884,0.995521285203294
Bladder Cancer,A,nonASJ-EUR,1228,25101,26.93415018809002,34,0.8001632828173272,0.9915970241839676
Bladder Cancer,A,AFR,45,2188,35.276788087489464,27,0.13199219773328544,0.6613649785272052
Bladder Cancer,A,EAS,51,2427,18.266410771004658,23,0.7428825160618822,0.9706307115973359
Bladder Cancer,B,nonASJ-EUR,1228,25101,67.59667501068083,61,0.2621115191367758,0.7863345574103273
Bladder Cancer,B,AFR,45,2188,35.83624100722715,40,0.6581595131112054,0.9706307115973359
Bladder Cancer,B,EAS,51,2427,38.03671766169705,43,0.6860284937216836,0.9706307115973359
Bladder Cancer,C,nonASJ-EUR,1228,25101,34.88167459535087,30,0.2469713477624784,0.7792371834574748
Bladder Cancer,C,AFR,45,2188,30.296563768114254,23,0.1410762266220591,0.6613649785272052
Bladder Cancer,C,EAS,51,2427,16.097775737981614,23,0.8510511988004648,0.995521285203294
Melanoma,A,nonASJ-EUR,1146,25183,36.75942350959497,34,0.34222116212405823,0.8421908261217773
Melanoma,A,EAS,30,2448,21.835468219867685,23,0.5302023358902432,0.9281626763357194
Melanoma,B,nonASJ-EUR,1146,25183,114.23400755124042,61,4.332162560597547e-05,0.007927857485893511
Melanoma,B,EAS,30,2448,47.506812442955756,43,0.2941388852184515,0.8163021863618339
Melanoma,C,nonASJ-EUR,1146,25183,61.710884572622376,30,0.0005686245064081132,0.026014571168171182
Melanoma,C,EAS,30,2448,18.557868377729925,23,0.7265665074424403,0.9706307115973359
Esophagogastric Cancer,A,nonASJ-EUR,922,25407,27.703968256092622,34,0.7685913675047903,0.9767515295373377
Esophagogastric Cancer,A,AFR,51,2182,25.06336249657513,27,0.5709109373366741,0.9306626715435653
Esophagogastric Cancer,A,EAS,110,2368,31.65126546965012,23,0.10761607105440885,0.6154294063424006
Esophagogastric Cancer,B,nonASJ-EUR,922,25407,59.3087544450226,61,0.5374503431659085,0.9281626763357194
Esophagogastric Cancer,B,AFR,51,2182,70.21816508246783,40,0.0022045980730996373,0.04482682748635929
Esophagogastric Cancer,B,EAS,110,2368,65.70131871756801,43,0.014476004226149938,0.17660725155902926
Esophagogastric Cancer,C,nonASJ-EUR,922,25407,23.210643916480713,30,0.8065021786473316,0.9915970241839676
Esophagogastric Cancer,C,AFR,51,2182,27.334948804018865,23,0.241978813051638,0.7768793471657851
Esophagogastric Cancer,C,EAS,110,2368,24.5709779108081,23,0.37277818343222474,0.8635241464316092
Cancer of Unknown Primary,A,nonASJ-EUR,913,25416,34.29048455441732,34,0.45381594812968823,0.909486920053654
Cancer of Unknown Primary,A,AFR,69,2164,11.65087126255243,27,0.995521285203294,0.995521285203294
Cancer of Unknown Primary,A,EAS,75,2403,40.49515320156342,23,0.013516785466732207,0.17660725155902926
Cancer of Unknown Primary,B,nonASJ-EUR,913,25416,52.98342074211337,61,0.7577786513529722,0.9727870526131951
Cancer of Unknown Primary,B,AFR,69,2164,47.40717260165731,40,0.1961464875795909,0.7050004492506725
Cancer of Unknown Primary,B,EAS,75,2403,64.72862728142366,43,0.017671635528577073,0.18017009451921498
Cancer of Unknown Primary,C,nonASJ-EUR,913,25416,19.21925629324746,30,0.9352978500960276,0.995521285203294
Cancer of Unknown Primary,C,AFR,69,2164,31.03754855188738,23,0.12187342846829849,0.6493113342617909
Cancer of Unknown Primary,C,EAS,75,2403,29.794147475268723,23,0.1554026998725127,0.6613649785272052
Hepatobiliary Cancer,A,nonASJ-EUR,722,25607,28.364742819404366,34,0.7399318571042164,0.9706307115973359
Hepatobiliary Cancer,A,AFR,44,2189,34.96396466823816,27,0.13978109647013645,0.6613649785272052
Hepatobiliary Cancer,A,EAS,128,2350,21.02178497240879,23,0.5797570740763194,0.9306626715435653
Hepatobiliary Cancer,B,nonASJ-EUR,722,25607,38.116058401117726,61,0.9905092132168775,0.995521285203294
Hepatobiliary Cancer,B,AFR,44,2189,52.31312919128256,40,0.09188609261585985,0.5605051649567452
Hepatobiliary Cancer,B,EAS,128,2350,36.59098506171528,43,0.7440469313518957,0.9706307115973359
Hepatobiliary Cancer,C,nonASJ-EUR,722,25607,17.87054476228793,30,0.9605923541945812,0.995521285203294
Hepatobiliary Cancer,C,AFR,44,2189,24.23857988207846,23,0.39069735271610984,0.8826866116919518
Hepatobiliary Cancer,C,EAS,128,2350,19.955446669758842,23,0.6445979639093193,0.9682732819212779
Renal Cell Carcinoma,A,nonASJ-EUR,616,25713,18.834593033045582,34,0.9835384506950586,0.995521285203294
Renal Cell Carcinoma,A,AFR,57,2176,24.24062059403586,27,0.6169378453609593,0.9622894636150789
Renal Cell Carcinoma,B,nonASJ-EUR,616,25713,45.38284931303338,61,0.9325147661860724,0.995521285203294
Renal Cell Carcinoma,B,AFR,57,2176,28.260014847474707,40,0.9180602358233874,0.995521285203294
Renal Cell Carcinoma,C,nonASJ-EUR,616,25713,14.105431823602641,30,0.9938988393044828,0.995521285203294
Renal Cell Carcinoma,C,AFR,57,2176,10.142164765629495,23,0.9903627788325007,0.995521285203294
Thyroid Cancer,A,nonASJ-EUR,379,25950,24.97281184723696,34,0.8701665803441435,0.995521285203294
Thyroid Cancer,A,EAS,44,2434,22.470556436187167,23,0.4920175141273866,0.909486920053654
Thyroid Cancer,B,nonASJ-EUR,379,25950,78.38242798009732,61,0.06627390332122991,0.44918978917722496
Thyroid Cancer,B,EAS,44,2434,35.06867907611067,43,0.79988434365181,0.9915970241839676
Thyroid Cancer,C,nonASJ-EUR,379,25950,32.357105391088446,30,0.3511077131476766,0.8421908261217773
Thyroid Cancer,C,EAS,44,2434,10.510965647937546,23,0.9876464176301979,0.995521285203294
Germ Cell Tumor,A,nonASJ-EUR,350,25979,54.112465790720016,34,0.015610870995296683,0.17854933700870582
Germ Cell Tumor,B,nonASJ-EUR,350,25979,66.00561784444152,61,0.30806041521448113,0.8312401917373855
Germ Cell Tumor,C,nonASJ-EUR,350,25979,28.248626691809054,30,0.5572632601315668,0.9281626763357194
Head and Neck Cancer,A,nonASJ-EUR,342,25987,38.92583641495067,34,0.2576064413491678,0.7862835101712135
Head and Neck Cancer,A,EAS,36,2442,16.743549775677252,23,0.8216433543276807,0.995521285203294
Head and Neck Cancer,B,nonASJ-EUR,342,25987,71.95750162139416,61,0.15920399678570996,0.6621438957223846
Head and Neck Cancer,B,EAS,36,2442,29.365465520443305,43,0.9439367302205816,0.995521285203294
Head and Neck Cancer,C,nonASJ-EUR,342,25987,58.893386202790715,30,0.0012508247695084862,0.04482682748635929
Head and Neck Cancer,C,EAS,36,2442,26.303556267766147,23,0.28674620666596573,0.8163021863618339
Gastrointestinal Stromal Tumor,A,nonASJ-EUR,256,26073,29.419519084524136,34,0.691700443425324,0.9706307115973359
Gastrointestinal Stromal Tumor,A,AFR,44,2189,43.31455159261495,27,0.024308021784873887,0.21182704698247243
Gastrointestinal Stromal Tumor,A,EAS,34,2444,17.950736373352484,23,0.7601560028616771,0.9727870526131951
Gastrointestinal Stromal Tumor,B,nonASJ-EUR,256,26073,88.5033497309013,61,0.012238128740955936,0.1722751968919182
Gastrointestinal Stromal Tumor,B,AFR,44,2189,37.60481019326976,40,0.578606658926881,0.9306626715435653
Gastrointestinal Stromal Tumor,B,EAS,34,2444,44.993131209603064,43,0.3884404789210876,0.8826866116919518
Gastrointestinal Stromal Tumor,C,nonASJ-EUR,256,26073,33.31877869717631,30,0.3088761368204493,0.8312401917373855
Gastrointestinal Stromal Tumor,C,AFR,44,2189,14.304716715633873,23,0.9178119838356608,0.995521285203294
Gastrointestinal Stromal Tumor,C,EAS,34,2444,12.659899833592194,23,0.9589834412404743,0.995521285203294
Bone Cancer,A,nonASJ-EUR,243,26086,40.23905261086849,34,0.2134496802739587,0.7233572498173044
Bone Cancer,B,nonASJ-EUR,243,26086,57.18189364807037,61,0.6150243683916125,0.9622894636150789
Bone Cancer,C,nonASJ-EUR,243,26086,20.778637322495356,30,0.8946818736274909,0.995521285203294
Small Cell Lung Cancer,A,nonASJ-EUR,299,26030,22.280061951979,34,0.9387746990924233,0.995521285203294
Small Cell Lung Cancer,B,nonASJ-EUR,299,26030,64.5279132258401,61,0.35436444596380795,0.8421908261217773
Small Cell Lung Cancer,C,nonASJ-EUR,299,26030,35.18918082982909,30,0.2358219646255663,0.7768793471657851
"Skin Cancer, Non-Melanoma",A,nonASJ-EUR,240,26089,30.894828786117966,34,0.6206116577699988,0.9622894636150789
"Skin Cancer, Non-Melanoma",B,nonASJ-EUR,240,26089,70.89217824831077,61,0.18116538984165423,0.6765972722657698
"Skin Cancer, Non-Melanoma",C,nonASJ-EUR,240,26089,51.764230646357376,30,0.008074574113701322,0.12313725523394516
Mesothelioma,A,nonASJ-EUR,235,26094,40.318361914158,34,0.2109608635341237,0.7233572498173044
Mesothelioma,B,nonASJ-EUR,235,26094,51.62785811308207,61,0.7981755832754666,0.9915970241839676
Mesothelioma,C,nonASJ-EUR,235,26094,16.82449606751794,30,0.9746203002316989,0.995521285203294
Cervical Cancer,A,nonASJ-EUR,172,26157,39.403716265622485,34,0.2408959988225996,0.7768793471657851
Cervical Cancer,B,nonASJ-EUR,172,26157,80.83972451249124,61,0.04545469930693625,0.32268465118946155
Cervical Cancer,C,nonASJ-EUR,172,26157,30.01377695955094,30,0.4649482438937737,0.909486920053654
Peripheral Nervous System,A,nonASJ-EUR,189,26140,33.81302952515913,34,0.47676353913522307,0.909486920053654
Peripheral Nervous System,B,nonASJ-EUR,189,26140,61.6564435702771,61,0.45241186913629466,0.909486920053654
Peripheral Nervous System,C,nonASJ-EUR,189,26140,47.618391713662106,30,0.02163409568241764,0.1979519754941214
Salivary Gland Cancer,A,nonASJ-EUR,158,26171,33.640972818958744,34,0.48510905705895846,0.909486920053654
Salivary Gland Cancer,B,nonASJ-EUR,158,26171,39.75683878305051,61,0.9840050263374441,0.995521285203294
Salivary Gland Cancer,C,nonASJ-EUR,158,26171,20.246526750184785,30,0.9099637900855866,0.995521285203294
Uterine Sarcoma,A,nonASJ-EUR,142,26187,29.742312563009268,34,0.6764411121021121,0.9706307115973359
Uterine Sarcoma,A,AFR,32,2201,20.53960328844032,27,0.8073658830787496,0.9915970241839676
Uterine Sarcoma,B,nonASJ-EUR,142,26187,72.59038404089874,61,0.1471115925259664,0.6613649785272052
Uterine Sarcoma,B,AFR,32,2201,43.63435176413653,40,0.3196358286774067,0.8356193806852205
Uterine Sarcoma,C,nonASJ-EUR,142,26187,34.59174677047779,30,0.25779787218728306,0.7862835101712135
Uterine Sarcoma,C,AFR,32,2201,15.027706011492974,23,0.8936378264942512,0.995521285203294
Appendiceal Cancer,A,nonASJ-EUR,170,26159,30.01148072082659,34,0.6635718277066216,0.9706307115973359
Appendiceal Cancer,B,nonASJ-EUR,170,26159,41.983072401709144,61,0.9699670873502545,0.995521285203294
Appendiceal Cancer,C,nonASJ-EUR,170,26159,16.566528917721385,30,0.9774179654077352,0.995521285203294
