allele,locus,disease,OR,OR_ci_low,OR_ci_high,log10_OR,or_source,source_ref,freq_median,freq_max,freq_p90,n_pops,freq_confounder_flag,population_restriction,source_note
B*57:01,B,Abacavir hypersensitivity (IC HSR),1945.0,110.0,34352.0,3.2889196056617265,web_search (verified),pubmed.ncbi.nlm.nih.gov/18444831 (Saag 2008),0.0249,0.0825,0.04452,94.0,ok,,"OR varies by study: 960 (PNAS 2004), 1945 white / 900 black (Saag 2008), 6934 (Alberta). NPV~100% in PREDICT-1"
A*29:02,A,Birdshot chorioretinopathy,157.5,91.6,272.6,2.197280558125619,GWAS Catalog (this session),GWAS Catalog assoc for MONDO_0011599,0.0188,0.104,0.05715,90.0,ok,,classical HLA-A*29:02 row; strongest class I autoimmune OR
B*58:01,B,Allopurinol SCAR (SJS/TEN),79.3,41.5,151.4,1.8992731873176039,web_search (verified),aafp.org 2021 pooled meta-analysis (2011 SR),0.0265,0.17,0.0859,98.0,ok,more common in East Asian/African pops,pooled OR vs population controls; single-study estimates range 28 (US) to 696 (Thai)
B*27:05,B,Ankylosing spondylitis,57.54,38.17,86.74,1.7599698575543072,GWAS Catalog (this session),GWAS Catalog assoc for MONDO_0005306,0.015,0.071,0.03836,89.0,ok,,"classical B*2705 row; AS rows span OR 34–58; B*27:02=44.9, B*27:07=15.8 also present"
B*15:02,B,Carbamazepine SJS/TEN (Han Chinese),42.06,9.587,184.514,1.6238692683503022,web_search (verified),"sciencedirect S0035378716303393 (meta-analysis, Han Chinese subgroup)",0.0253,0.358,0.1605,82.0,common(max≥20%); pop-stratified(max/median≥8x),SE-Asian–restricted; OR not transferable to European cohorts,SE-Asian–restricted; overall meta OR 27.3 [9.9–51.2]; Thai single-study 70.9 [19.7–255.7]
B*39:06,B,Type 1 diabetes,10.31,,,1.0132586652835165,web_search (verified),sciencedirect S0198885913005296 / e-apem.org (OR 10.31 after LD),,,,,no-AFND-freq,AFND freq not fetched this batch; most common in Latin American pops,most predisposing class I T1D allele; CI not reported in retrieved snippet; effect is DR/DQ-haplotype-dependent
B*51:01,B,Behçet's disease,3.82,,,0.5820633629117087,GWAS Catalog (this session),GWAS Catalog assoc for MONDO_0007191,0.05515,0.184,0.11722,94.0,ok,,HLA-B*51 reported-trait row (2-digit; no 4-digit CI in catalog)
B*52:01,B,Takayasu arteritis,3.7,2.02,6.77,0.568201724066995,web_search (verified),"PMC3392822 (Sahin 2012, Turkey cohort)",0.0268,0.18,0.08481,98.0,ok,,established TAK class I allele; B*67:01 also implicated (Terao)
C*06:02,C,Psoriasis vulgaris,3.58,2.82,4.54,0.5538830266438743,web_search (verified),"PMC6061044 (Wiśniewski 2018, Polish cohort)",0.0895,0.24,0.1512,97.0,common(max≥20%),,"GWAS Catalog encodes psoriasis HLA-C only via tag SNPs (rs12199223 OR~1.47), NOT as classical C*06:02. Japanese OR=6.36 (rarer allele)"
B*08:01,B,AH8.1-linked autoimmunity (T1D/celiac/SLE/PSC),,,,,web_search (verified) — NO separable allele OR,PMC4514645 / PMC2769935 / Frontiers 2024,0.0391,0.173,0.0985,93.0,ok,,"AH8.1 (A1-B8-DR3) is a multi-Mb conserved haplotype; class-I-specific OR not cleanly separable from DR3/DQ2. For T1D, B8-DR3 confers LESS risk than other DR3 haplotypes (OR~0.65) — so NOT a clean class I risk allele. Prior 'OR=1.5 risk' was a from-memory error, now removed."
