rank,tied_band,allele,locus,arm,disease_anchor,OR,OR_ci_low,OR_ci_high,log10_OR,conditioning,conditioning_basis,or_source,source_ref,freq_median,freq_max,freq_p90,n_pops,enters_two_arm_test
1,True,B*44:03,B,protective,Type 1 diabetes,,,,,CONDITIONED (direction),class-II-conditioned (T1D; Noble 2010),web_search (verified),T1DGC Noble 2010 db10-0699,0.041,0.1251,0.0837,93,True
1,True,B*07:02,B,protective,Type 1 diabetes,,,,,CONDITIONED (direction),class-II-conditioned (T1D; Noble 2010),web_search (verified),T1DGC Noble 2010 db10-0699,0.0422,0.176,0.1199,91,True
1,True,B*35:02,B,protective,Type 1 diabetes,,,,,CONDITIONED (direction),class-II-conditioned (T1D; Noble 2010),web_search (verified),T1DGC Noble 2010 db10-0699,0.0126,0.0894,0.03044,89,True
1,True,A*11:01,A,protective,Type 1 diabetes,,,,,CONDITIONED (direction),class-II-conditioned (T1D; Noble 2010),web_search (verified),T1DGC Noble 2010 db10-0699,0.08,0.613,0.30428,97,True
1,True,A*32:01,A,protective,Type 1 diabetes,,,,,CONDITIONED (direction),class-II-conditioned (T1D; Noble 2010),web_search (verified),T1DGC Noble 2010 db10-0699,0.032,0.1024,0.058,91,True
1,True,A*66:01,A,protective,Type 1 diabetes,,,,,CONDITIONED (direction),class-II-conditioned (T1D; Noble 2010),web_search (verified),T1DGC Noble 2010 db10-0699,0.0065,0.077,0.0242,89,True
1,True,C*16:01,C,protective,Type 1 diabetes,,,,,CONDITIONED (direction),class-II-conditioned (T1D; Noble 2010),web_search (verified),T1DGC Noble 2010 db10-0699 (partly attributable to LD with B*4403),0.0223,0.283,,88,False
1,True,C*04:01,C,protective,Type 1 diabetes,,,,,CONDITIONED (direction),class-II-conditioned (T1D; Noble 2010),web_search (verified),T1DGC Noble 2010 db10-0699,0.1155,0.286,,97,False
1,True,B*57:01,B,protective,Ankylosing spondylitis,,,,,"reduced-risk (Immunochip, direction)",class-I-native (European Immunochip fine-map),web_search (verified),"PMC5750450 (AS GWAS review; Immunochip 9,069 cases/13,578 controls)",0.0249,0.0825,0.04452,94,True
1,True,A*33:01,A,protective,Behçet's disease,,,,,protective (direction),"class-I-native (Japanese BD, HLA-A typing)",web_search (verified),"Sci Rep 2019 (s41598-019-40824-y), HLA-A*33 protective type",0.013,0.117,0.04116,88,True
2,False,B*07:02,B,protective,Ankylosing spondylitis,0.15,,,-0.8239087409443188,CONDITIONED on B*27,class-I-native (conditioned on B*27 risk allele),web_search (verified),"PMC5750450 (AS GWAS review; Chinese cohort, OR after B*27 control; European Immunochip reduced-risk)",0.0422,0.176,0.1199,91,True
3,False,B*57:01,B,protective,Type 1 diabetes,0.19,,,-0.721246399047171,CONDITIONED on DR-DQ,class-II-conditioned (T1D; Noble 2010),web_search (verified),T1DGC Noble 2010 db10-0699,0.0249,0.0825,0.04452,94,True
4,True,A*03:01,A,protective,Behçet's disease,0.6,0.4,0.7,-0.2218487496163564,CONDITIONED on B*51:01,class-I-native (conditioned on B*51:01 risk allele),web_search (verified),"PNAS Ombrello 2014 (10.1073/pnas.1406575111), P=2.4e-6",0.08055,0.25,0.14363,98,True
4,True,B*49:01,B,protective,Behçet's disease,0.6,0.4,,-0.2218487496163564,CONDITIONED (B*51-negative stratum),class-I-native (B*51-negative stratified),web_search (verified),"PNAS Ombrello 2014 (10.1073/pnas.1406575111), P=1.2e-5",0.0186,0.095,0.04327,88,True
5,True,C*06:02,C,risk,Psoriasis vulgaris,3.58,2.82,4.54,0.5538830266438743,marginal,marginal / native,web_search (verified),PMC6061044 Wisniewski 2018,0.0895,0.24,0.1512,97,False
5,True,B*52:01,B,risk,Takayasu arteritis,3.7,2.02,6.77,0.568201724066995,marginal,marginal / native,web_search (verified),PMC3392822 Sahin 2012,0.0268,0.18,0.08481,98,True
6,False,B*51:01,B,risk,Behçet's disease,3.82,,,0.5820633629117087,marginal (2-digit),marginal / native,GWAS Catalog (this session),GWAS Catalog MONDO_0007191,0.05515,0.184,0.11722,94,True
7,True,B*39:06,B,risk,Type 1 diabetes,10.31,4.21,25.1,1.0132586652835165,CONDITIONED on DR-DQ,class-II-conditioned,web_search (verified),T1DGC Noble 2010 db10-0699 / PMC3233362,0.0056,0.088,0.02404,79,True
7,True,B*15:02,B,risk,Carbamazepine SJS/TEN (drug-HSR),42.06,9.587,184.514,1.6238692683503022,marginal (Han Chinese),marginal / native,web_search (verified),ScienceDirect S0035378716303393,0.0253,0.358,0.1605,82,True
7,True,B*27:05,B,risk,Ankylosing spondylitis,57.54,38.17,86.74,1.7599698575543072,marginal,marginal / native,GWAS Catalog (this session),GWAS Catalog MONDO_0005306,0.015,0.071,0.03836,89,True
7,True,B*58:01,B,risk,Allopurinol SCAR (drug-HSR),79.3,41.5,151.4,1.8992731873176039,marginal (pooled),marginal / native,web_search (verified),AAFP 2021 pooled meta,0.0265,0.17,0.0859,98,True
7,True,A*29:02,A,risk,Birdshot chorioretinopathy,157.5,91.6,272.6,2.197280558125619,marginal (near-monogenic),marginal / native,GWAS Catalog (this session),GWAS Catalog MONDO_0011599,0.0188,0.104,0.05715,90,True
7,True,B*57:01,B,risk,Abacavir hypersensitivity (drug-HSR),1945.0,110.0,34352.0,3.2889196056617265,phenotype-defined (patch-test),marginal / native,web_search (verified),PubMed 18444831 Saag 2008,0.0249,0.0825,0.04452,94,True
