allele,virus,phenotype,direction,effect,effect_scale,effect_ci,replication,ancestry_flag,track,source_ref,verification,freq_median,n_pops,locus,engageability_A,engageability_B,z_het,z_absnetchg,z_hydimb,con_heterogeneity
B*15:01,SARS-CoV-2,asymptomatic infection (rapid control),protective,2.4,OR_asymptomatic,1.54-3.64,discovery + 2 independent cohorts + meta (Augusto 2023),European/mixed,CONTROL,"Augusto 2023 Nature 10.1038/s41586-023-06331-x (meta OR=2.40, P=5.7e-5)","fetched full text (Augusto 2023, unpaywall PDF); meta OR=2.40/CI/P read from PDF body this session",0.0298,93.0,B,-0.2418936816769003,-0.8157812564694406,0.5883849170751048,1.1421454728670362,0.1719204892387697,0.6406577365901952
A*02:01,HTLV-1,HAM/TSP myelopathy risk / proviral load,protective,0.5,OR_HAMTSP,P<0.0001,Kagoshima Japan + replicated (Jeffery 1999; multiple cohorts),Asian/mixed,CONTROL,"Jeffery 1999 PNAS 10.1073/pnas.96.7.3848 (A*02 halves odds HAM/TSP, P<1e-4)","fetched full text (Jeffery 1999, PMC); 'A*02 halves odds HAM/TSP, P<0.0001' read from text this session",0.112,97.0,A,0.8626996369438725,1.7577576632263363,0.0740159625121666,-1.0111898407130837,-1.5028931076063672,0.6406577365901952
A*03:01,HCV,spontaneous clearance,protective,0.36,OR_chronicity,0.15-0.89,Irish single-source + Swiss cohort (Fitzmaurice 2015); McKiernan 2004,European,CONTROL,"Fitzmaurice 2015 Gut 10.1136/gutjnl-2013-306287 (A*03 OR=0.36 chronicity, p=0.027)","fetched full text (Fitzmaurice 2015, unpaywall PDF); OR=0.36/CI/p read from PDF body this session",0.08055,98.0,A,-1.154709610052221,-1.3344982190298358,-2.097031412143152,1.022515733223696,0.3445816847898148,0.6406577365901952
C*04:01,HCV,viral persistence,risk,1.78,OR_persistence,1.21-2.59,"Thio 2002 (231 clear/444 persist), codominant",mixed(US),CONTROL,Thio 2002 J Virol 10.1128/jvi.76.10.4792 (Cw*04 OR=1.78 persistence),"fetched abstract (Thio 2002, semantic_scholar); 'Cw*04 OR 1.78, 95%CI 1.21-2.59' read from returned abstract this session",0.1155,97.0,C,-0.0655809818114181,-0.6631830707648817,1.043323391319945,-0.0541519235663639,1.294218260320563,0.6406577365901952
B*57:01,HCV,spontaneous clearance (recurs w/ HIV),protective,0.62,OR_persistence,0.39-1.00,Thio 2002; Kim 2011 (recurrent B57),European/mixed,CONTROL_RECURRENT,Thio 2002 J Virol (B*57 OR=0.62 persistence); recurs w/ HIV arm,"fetched abstract (Thio 2002); 'HLA-B*57 OR 0.62, 95%CI 0.39-1.00' read from returned abstract this session",,,B,0.8328206704226081,1.0919099469710911,1.23494101253187,-0.0541519235663639,-1.2093690751695905,0.6406577365901952
B*27:05,HCV,spontaneous clearance (recurs w/ HIV),protective,0.12,OR_chronicity,0.03-0.45,Fitzmaurice 2015 (genotype-1); Neumann-Haefelin 2010,European,CONTROL_RECURRENT,"Fitzmaurice 2015 Gut (B*27 OR=0.12 chronicity, p<0.001); recurs w/ HIV arm","fetched full text (Fitzmaurice 2015); 'B*27 OR 0.12, 0.03-0.45, p<0.001' read from PDF body this session",,,B,0.8632261306412583,0.6269813127971978,2.275793968718568,-0.0541519235663639,-0.2597324996388431,0.6406577365901952
A*11:01,EBV,nasopharyngeal carcinoma RESISTANCE,protective(cancer),,direction_only,,GWAS China + Taiwan + Singapore (Tang 2012),Asian(S.China),QUARANTINE_cancer,"Tang 2012 PLoS Genet 10.1371/journal.pgen.1003103 (A*11:01 NPC-resistance, directional)","fetched full text (Tang 2012, unpaywall PDF); directional NPC-resistance confirmed in text; NO allele-level OR in paper (prior OR=0.59/P=1.7e-19 was erroneous, removed)",0.08,97.0,A,0.0882972875668746,0.5962288031630365,-0.7803378261925529,-1.1308195803564238,0.0855898914632471,0.6406577365901952
B*13:01,EBV,nasopharyngeal carcinoma RESISTANCE,protective(cancer),,direction_only,,GWAS China (Tang 2012); consistent across cohorts,Asian(S.China),QUARANTINE_cancer,Tang 2012 PLoS Genet (B*13:01 NPC-protective),fetched full text (Tang 2012); 'B*13:01 NPC resistance' read from text; direction_only,0.01985,88.0,B,-0.1830538323923112,-0.7489414426854965,0.6958399867084544,1.1421454728670362,0.1028560110183519,0.6406577365901952
A*02:07,EBV,nasopharyngeal carcinoma SUSCEPTIBILITY,risk(cancer),,direction_only,,MHC deep-seq + prior GWAS (Zheng/Tang),Asian(S.China),QUARANTINE_cancer,"Tang 2012 PLoS Genet 10.1371/journal.pgen.1003103 (A*02:07 NPC-susceptibility, directional)",fetched full text (Tang 2012); 'A*02(A*02:07) NPC susceptibility' read from text; direction_only,0.0235,74.0,A,0.8626996369438725,1.7577576632263363,0.0740159625121666,-1.0111898407130837,-1.5028931076063672,0.6406577365901952
B*46:01,EBV,nasopharyngeal carcinoma SUSCEPTIBILITY,risk(cancer),,direction_only,,deep-seq + prior cohorts (B46:01 haplotype),Asian(S.China),QUARANTINE_cancer,"Tang 2012 PLoS Genet 10.1371/journal.pgen.1003103 (B*46 NPC-susceptibility, directional)",fetched full text (Tang 2012); 'B*46 NPC susceptibility' read from text; direction_only,0.0474,81.0,B,0.1913799454740252,-0.3491288023120876,1.468883782074185,-0.0541519235663639,0.9488958692184728,0.6406577365901952
A*01:01,EBV,EBV+ Hodgkin lymphoma / IM RISK,risk(cancer),2.15,OR_EBVposHL,1.60-2.88,Niens 2007 + Hjalgrim 2010 (per-allele),European,QUARANTINE_cancer,Hjalgrim 2010 PNAS 10.1073/pnas.0915054107 (A*01 OR=2.15 EBV+HL),"fetched abstract (Hjalgrim 2010, semantic_scholar); 'A*01 OR per allele 2.15, 95%CI 1.60-2.88' read from returned abstract this session",0.079,93.0,A,-0.0889602072225927,0.5077445070634893,-1.3306095273584513,-1.011189840713084,-0.052539064977589,0.6694609039124978
A*02:01,EBV,EBV+ Hodgkin lymphoma RESISTANCE,protective(cancer),0.7,OR_EBVposHL,0.51-0.97,Niens 2007 + Hjalgrim 2010,European,QUARANTINE_cancer,Hjalgrim 2010 PNAS 10.1073/pnas.0915054107 (A*02 OR=0.70 EBV+HL); NB same allele HTLV-control-protective,"fetched abstract (Hjalgrim 2010); 'A*02 OR per allele 0.70, 95%CI 0.51-0.97' read from returned abstract this session",0.112,97.0,A,0.8626996369438725,1.7577576632263363,0.0740159625121666,-1.0111898407130837,-1.5028931076063672,0.6406577365901952
