favorability_rank,allele,locus,direction,effect,effect_scale,favorability_log_effect,cohort,ancestry,ancestry_flag,source_ref,freq_median,freq_max,freq_p90,n_pops,log10_freq_median,engageability_A,engageability_B,z_het,z_absnetchg,z_hydimb,con_heterogeneity
4,B*57:01,B,protective,5.5,OR_controller,0.7403626894942439,Intl HIV Controllers Study GWAS (controllers vs progressors),European/Afr-Am/Hispanic (Euro-weighted),European/mixed,"Pereyra 2010 Science 10.1126/science.1195271 (OR=5.5, P=1.4e-26; most significant HLA assoc)",0.0249,0.0825,0.04452,94,-1.6038006529042637,0.8328206704226081,1.0919099469710911,1.23494101253187,-0.0541519235663639,-1.2093690751695905,0.6406577365901952
4,B*57:03,B,protective,5.1,OR_controller,0.7075701760979364,Intl HIV Controllers Study GWAS; clade C (Kiepiela),European + African (clade C),African/cladeC,Pereyra 2010 Science (4-digit B*57:03 OR=5.1); Goulder & Walker 2012 PMC3966573 clade-C protective,0.00285,0.069,0.03092,80,-2.54515513999149,0.8328206704226081,1.0919099469710911,1.23494101253187,-0.0541519235663639,-1.2093690751695905,0.6406577365901952
3,B*27:05,B,protective,0.43,RH_progression,0.3665315444204134,US/European natural-history cohorts (MACS et al.),European (whites),European/mixed,"Gao 2001 NEJM 10.1056/NEJM200105313442203 (RH=0.43, 95%CI 0.26-0.72, P=0.001, whites); Pereyra 2010 implicates as protective",0.015,0.071,0.03836,89,-1.8239087409443189,0.8632261306412583,0.6269813127971978,2.275793968718568,-0.0541519235663639,-0.2597324996388431,0.6406577365901952
3,B*58:01,B,protective,,direction_only,,Clade C (Kiepiela 2004 / Carlson 2014),"African (clade C, S. Africa)",African/cladeC,Goulder & Walker 2012 PMC3966573: B*58:01 protective (Trp anchor); Kiepiela 2004 Nature 10.1038/nature03113,0.0265,0.17,0.0859,98,-1.576754126063192,0.8328206704226081,1.0919099469710911,1.23494101253187,-0.0541519235663639,-1.2093690751695905,0.6406577365901952
3,B*81:01,B,protective,,direction_only,,Clade C (Kiepiela 2004 / Carlson 2014),"African (clade C, S. Africa)",African/cladeC,Goulder & Walker 2012 PMC3966573: B*81:01 Bw6 delayed progression (protective),0.005,0.079,0.03974,73,-2.3010299956639813,0.4352110071109735,0.4304473623821704,0.9226841199072956,-0.0541519235663639,-0.3287969778592609,0.6406577365901952
2,A*25:01,A,protective,2.6,OR_controller,0.414973347970818,Intl HIV Controllers Study GWAS,European/Afr-Am/Hispanic,European/mixed,"Pereyra 2010 Science (A*25 OR=2.6, P=1e-5) [HLA-A, secondary to HLA-B]",0.0118,0.042,0.03026,79,-1.9281179926938743,-0.8906542294710557,-1.1950326179358932,-1.232104258613685,-1.0111898407130837,2.451048270512566,0.6104115460250272
2,A*32:01,A,protective,1.6,OR_controller,0.2041199826559248,Intl HIV Controllers Study GWAS,European/Afr-Am/Hispanic,European/mixed,"Pereyra 2010 Science (A*32 OR=1.6, P=0.02; weak) [HLA-A, secondary]",0.032,0.1024,0.058,91,-1.494850021680094,-0.3189962190989945,-0.3438072069757132,-0.6135274401658275,-0.1737816632097039,0.51724288034086,0.6406577365901952
2,B*14:02,B,protective,,direction_only,,Intl HIV Controllers Study GWAS,European/Afr-Am/Hispanic,European/mixed,Pereyra 2010 Science: B*14/Cw*08:02 implicated protective (Cys67/Trp97),0.0216,0.1054,0.0529,93,-1.665546248849069,-0.7081353761236583,-0.8357392909224495,-1.229662182718866,-0.0541519235663639,0.9488958692184728,0.6406577365901952
2,B*52:01,B,protective,,direction_only,,Intl HIV Controllers Study GWAS,European/Afr-Am/Hispanic,European/mixed,Pereyra 2010 Science: B*52 implicated protective (Ser77/Arg97 protective residues),0.0268,0.18,0.08481,98,-1.5718652059712113,-0.2418936816769003,-0.8157812564694406,0.5883849170751048,1.1421454728670362,0.1719204892387697,0.6406577365901952
1,B*07:02,B,risk,0.5,OR_controller,-0.3010299956639812,Intl HIV Controllers Study GWAS; clade C,European + African,African/cladeC,"Pereyra 2010 Science (B*07 OR=0.5, P=1e-7, risk); Goulder & Walker 2012 PMC3966573 disease-susceptible",0.0422,0.176,0.1199,91,-1.374687549038326,-0.6890184850840922,-1.4777730982240085,0.0757842454985463,1.1421454728670362,1.0006942278837865,0.6406577365901952
1,B*35:02,B,risk,2.9,RH_progression,-0.4623979978989561,5 US/European cohorts,European/US,European/mixed,"Gao 2001 NEJM (B*35-Px; RH=2.90, P<0.001)",0.0126,0.0894,0.03044,89,-1.899629454882437,0.9831271958166988,1.7730828188729029,0.5413615509460553,-1.250449319999764,-1.1575707165042772,0.6406577365901952
1,B*35:03,B,risk,2.7,RH_progression,-0.4313637641589873,5 US/European cohorts,European/US,European/mixed,"Gao 2001 NEJM (B*35-Px; RH=2.70, P<0.001)",0.0218,0.111,0.07754,95,-1.6615435063953952,0.9831271958166988,1.7730828188729029,0.5413615509460553,-1.250449319999764,-1.1575707165042772,0.6406577365901952
1,B*53:01,B,risk,2.02,RH_progression,-0.3053513694466238,US natural-history cohorts (blacks); clade C,African/Afr-Am,African/cladeC,Gao 2001 NEJM (RH=2.02 in blacks); Goulder & Walker 2012 PMC3966573: Bw4 rapid progression (clade C),0.0098,0.223,0.1021,88,-2.0087739243075053,0.9831271958166988,1.7730828188729029,0.5413615509460553,-1.250449319999764,-1.1575707165042772,0.6406577365901952
1,B*58:02,B,risk,,direction_only,,Clade C (Kiepiela 2004 / Carlson 2014),"African (clade C, S. Africa)",African/cladeC,Goulder & Walker 2012 PMC3966573: B*58:02 Bw4 rapid progression (susceptible),0.0114,0.143,0.10725,66,-1.9430951486635273,0.8328206704226081,1.0919099469710911,1.23494101253187,-0.0541519235663639,-1.2093690751695905,0.6406577365901952
