locus,allele_2field,representative_record
A,A*01:01,A*01:01:01:01
A,A*01:02,A*01:02:01:01
A,A*01:03,A*01:03:01:01
A,A*01:06,A*01:06
A,A*01:09,A*01:09:01:01
A,A*01:12,A*01:12
A,A*01:17,A*01:17
A,A*01:25,A*01:25
A,A*02:01,A*02:01:01:01
A,A*02:02,A*02:02:01:01
A,A*02:03,A*02:03:01:01
A,A*02:04,A*02:04:01
A,A*02:05,A*02:05:01:01
A,A*02:06,A*02:06:01:01
A,A*02:07,A*02:07:01:01
A,A*02:08,A*02:08:01
A,A*02:09,A*02:09:01:01
A,A*02:10,A*02:10
A,A*02:11,A*02:11:01:01
A,A*02:12,A*02:12
A,A*02:122,A*02:122
A,A*02:123,A*02:123
A,A*02:13,A*02:13:01
A,A*02:131,A*02:131:01:01
A,A*02:137,A*02:137
A,A*02:14,A*02:14
A,A*02:16,A*02:16
A,A*02:17,A*02:17:02:01
A,A*02:18,A*02:18
A,A*02:19,A*02:19
A,A*02:20,A*02:20:01
A,A*02:21,A*02:21
A,A*02:22,A*02:22:01:01
A,A*02:24,A*02:24:01
A,A*02:27,A*02:27
A,A*02:29,A*02:29
A,A*02:30,A*02:30:01
A,A*02:33,A*02:33
A,A*02:34,A*02:34
A,A*02:35,A*02:35:01
A,A*02:36,A*02:36
A,A*02:38,A*02:38
A,A*02:39,A*02:39
A,A*02:44,A*02:44
A,A*02:45,A*02:45
A,A*02:49,A*02:49:01
A,A*02:58,A*02:58
A,A*02:60,A*02:60:01:01
A,A*02:63,A*02:63
A,A*02:64,A*02:64:01
A,A*02:74,A*02:74:01
A,A*02:84,A*02:84
A,A*02:85,A*02:85
A,A*02:86,A*02:86:01
A,A*02:87,A*02:87
A,A*02:93,A*02:93:01
A,A*02:96,A*02:96
A,A*03:01,A*03:01:01:01
A,A*03:02,A*03:02:01:01
A,A*03:05,A*03:05:01
A,A*03:06,A*03:06
A,A*03:07,A*03:07:01:01
A,A*03:08,A*03:08:01:01
A,A*03:09,A*03:09
A,A*03:108,A*03:108
A,A*03:17,A*03:17:01
A,A*03:22,A*03:22:01
A,A*03:26,A*03:26
A,A*11:01,A*11:01:01:01
A,A*11:02,A*11:02:01:01
A,A*11:03,A*11:03:01:01
A,A*11:04,A*11:04
A,A*11:05,A*11:05
A,A*11:08,A*11:08
A,A*11:09,A*11:09
A,A*11:10,A*11:10
A,A*11:12,A*11:12:01
A,A*11:19,A*11:19
A,A*11:29,A*11:29
A,A*11:30,A*11:30
A,A*23:01,A*23:01:01:01
A,A*23:03,A*23:03:02:01
A,A*23:04,A*23:04
A,A*23:05,A*23:05
A,A*23:06,A*23:06
A,A*23:13,A*23:13
A,A*23:15,A*23:15
A,A*23:17,A*23:17:01:01
A,A*24:02,A*24:02:01:01
A,A*24:03,A*24:03:01:01
A,A*24:04,A*24:04
A,A*24:05,A*24:05:01
A,A*24:06,A*24:06
A,A*24:07,A*24:07:01:01
A,A*24:08,A*24:08
A,A*24:10,A*24:10:01:01
A,A*24:13,A*24:13:02
A,A*24:14,A*24:14:01:01
A,A*24:17,A*24:17:01:01
A,A*24:20,A*24:20:01:01
A,A*24:22,A*24:22
A,A*24:23,A*24:23
A,A*24:25,A*24:25
A,A*24:26,A*24:26
A,A*24:29,A*24:29
A,A*24:30,A*24:30
A,A*24:31,A*24:31
A,A*24:32,A*24:32
A,A*24:33,A*24:33:01
A,A*24:35,A*24:35
A,A*24:37,A*24:37
A,A*24:47,A*24:47
A,A*24:53,A*24:53
A,A*24:56,A*24:56:01
A,A*24:57,A*24:57
A,A*24:58,A*24:58
A,A*24:72,A*24:72
A,A*24:81,A*24:81
A,A*24:95,A*24:95
A,A*25:01,A*25:01:01:01
A,A*25:02,A*25:02
A,A*26:01,A*26:01:01:01
A,A*26:02,A*26:02:01
A,A*26:03,A*26:03:01:01
A,A*26:07,A*26:07:01
A,A*26:08,A*26:08:01:01
A,A*26:09,A*26:09
A,A*26:12,A*26:12:01:01
A,A*26:13,A*26:13
A,A*26:14,A*26:14
A,A*26:15,A*26:15
A,A*26:16,A*26:16
A,A*26:17,A*26:17
A,A*26:18,A*26:18
A,A*26:20,A*26:20:02
A,A*26:31,A*26:31
A,A*29:01,A*29:01:01:01
A,A*29:02,A*29:02:01:01
A,A*29:04,A*29:04
A,A*29:09,A*29:09
A,A*29:10,A*29:10:01
A,A*29:12,A*29:12
A,A*30:01,A*30:01:01:01
A,A*30:02,A*30:02:01:01
A,A*30:03,A*30:03
A,A*30:04,A*30:04:01:01
A,A*30:07,A*30:07
A,A*30:08,A*30:08:01
A,A*30:09,A*30:09:01:01
A,A*30:10,A*30:10
A,A*30:11,A*30:11:01
A,A*30:15,A*30:15
A,A*30:16,A*30:16
A,A*31:01,A*31:01:02:01
A,A*31:02,A*31:02:01
A,A*31:04,A*31:04:01:01
A,A*31:06,A*31:06
A,A*31:08,A*31:08
A,A*31:09,A*31:09
A,A*31:11,A*31:11:01
A,A*31:12,A*31:12
A,A*31:13,A*31:13
A,A*31:15,A*31:15
A,A*31:16,A*31:16
A,A*31:18,A*31:18
A,A*31:20,A*31:20
A,A*32:01,A*32:01:01:01
A,A*32:02,A*32:02
A,A*32:03,A*32:03:01:01
A,A*32:04,A*32:04
A,A*32:06,A*32:06
A,A*32:07,A*32:07
A,A*32:08,A*32:08
A,A*33:01,A*33:01:01:01
A,A*33:03,A*33:03:01:01
A,A*33:05,A*33:05
A,A*33:09,A*33:09
A,A*34:01,A*34:01:01:01
A,A*34:02,A*34:02:01:01
A,A*34:05,A*34:05
A,A*36:01,A*36:01:01:01
A,A*36:02,A*36:02
A,A*36:03,A*36:03
A,A*36:04,A*36:04
A,A*43:01,A*43:01
A,A*66:01,A*66:01:01:01
A,A*66:02,A*66:02:01:01
A,A*66:03,A*66:03:01:01
A,A*66:04,A*66:04
A,A*68:01,A*68:01:01:01
A,A*68:02,A*68:02:01:01
A,A*68:03,A*68:03:01:01
A,A*68:05,A*68:05
A,A*68:06,A*68:06
A,A*68:07,A*68:07
A,A*68:08,A*68:08:01:01
A,A*68:10,A*68:10
A,A*68:12,A*68:12:01
A,A*68:15,A*68:15
A,A*68:17,A*68:17:01
A,A*68:20,A*68:20
A,A*68:22,A*68:22
A,A*68:24,A*68:24
A,A*68:25,A*68:25
A,A*68:27,A*68:27:01
A,A*68:30,A*68:30
A,A*68:31,A*68:31
A,A*68:35,A*68:35:01:01
A,A*68:37,A*68:37
A,A*68:40,A*68:40
A,A*69:01,A*69:01:01:01
A,A*74:01,A*74:01:01:01
A,A*74:03,A*74:03:01:01
A,A*74:05,A*74:05
A,A*74:06,A*74:06
A,A*74:09,A*74:09
A,A*74:11,A*74:11
A,A*80:01,A*80:01:01:01
B,B*07:02,B*07:02:01:01
B,B*07:03,B*07:03
B,B*07:04,B*07:04:01
B,B*07:05,B*07:05:01:01
B,B*07:06,B*07:06:01:01
B,B*07:07,B*07:07:01:01
B,B*07:08,B*07:08:01
B,B*07:09,B*07:09:01
B,B*07:10,B*07:10:01
B,B*07:12,B*07:12
B,B*07:13,B*07:13
B,B*07:14,B*07:14:01
B,B*07:15,B*07:15
B,B*07:16,B*07:16
B,B*07:20,B*07:20
B,B*07:23,B*07:23
B,B*07:26,B*07:26
B,B*07:36,B*07:36
B,B*07:37,B*07:37:01
B,B*07:42,B*07:42
B,B*07:46,B*07:46
B,B*07:51,B*07:51
B,B*08:01,B*08:01:01:01
B,B*08:02,B*08:02
B,B*08:09,B*08:09
B,B*08:13,B*08:13
B,B*08:18,B*08:18
B,B*08:20,B*08:20:01
B,B*08:23,B*08:23
B,B*08:35,B*08:35
B,B*13:01,B*13:01:01:01
B,B*13:02,B*13:02:01:01
B,B*13:03,B*13:03
B,B*13:04,B*13:04
B,B*13:12,B*13:12:01
B,B*14:01,B*14:01:01:01
B,B*14:02,B*14:02:01:01
B,B*14:03,B*14:03
B,B*14:05,B*14:05
B,B*15:01,B*15:01:01:01
B,B*15:02,B*15:02:01:01
B,B*15:03,B*15:03:01:01
B,B*15:04,B*15:04:01:01
B,B*15:05,B*15:05:01:01
B,B*15:06,B*15:06
B,B*15:07,B*15:07:01:01
B,B*15:08,B*15:08:01:01
B,B*15:09,B*15:09:01
B,B*15:10,B*15:10:01:01
B,B*15:11,B*15:11:01:01
B,B*15:113,B*15:113
B,B*15:12,B*15:12:01
B,B*15:125,B*15:125:01
B,B*15:13,B*15:13:01
B,B*15:132,B*15:132
B,B*15:14,B*15:14
B,B*15:141,B*15:141
B,B*15:15,B*15:15:01:01
B,B*15:16,B*15:16:01:01
B,B*15:17,B*15:17:01:01
B,B*15:18,B*15:18:01:01
B,B*15:20,B*15:20
B,B*15:21,B*15:21:01:01
B,B*15:23,B*15:23
B,B*15:24,B*15:24:01
B,B*15:25,B*15:25:01:01
B,B*15:27,B*15:27:01:01
B,B*15:28,B*15:28
B,B*15:29,B*15:29:01:01
B,B*15:30,B*15:30:01:01
B,B*15:31,B*15:31:01:01
B,B*15:32,B*15:32:01
B,B*15:33,B*15:33
B,B*15:34,B*15:34:01
B,B*15:35,B*15:35:01:01
B,B*15:37,B*15:37
B,B*15:38,B*15:38:01
B,B*15:39,B*15:39:01:01
B,B*15:40,B*15:40:01
B,B*15:42,B*15:42
B,B*15:44,B*15:44
B,B*15:45,B*15:45
B,B*15:46,B*15:46
B,B*15:47,B*15:47:01
B,B*15:48,B*15:48
B,B*15:52,B*15:52
B,B*15:53,B*15:53
B,B*15:54,B*15:54
B,B*15:55,B*15:55
B,B*15:56,B*15:56
B,B*15:58,B*15:58
B,B*15:63,B*15:63
B,B*15:65,B*15:65
B,B*15:71,B*15:71
B,B*15:73,B*15:73:01:01
B,B*15:75,B*15:75
B,B*15:82,B*15:82
B,B*18:01,B*18:01:01:01
B,B*18:02,B*18:02:01
B,B*18:03,B*18:03:01:01
B,B*18:04,B*18:04:01
B,B*18:05,B*18:05:01:01
B,B*18:06,B*18:06
B,B*18:08,B*18:08
B,B*18:11,B*18:11
B,B*18:12,B*18:12:01
B,B*18:13,B*18:13
B,B*18:14,B*18:14
B,B*18:18,B*18:18:01:01
B,B*18:20,B*18:20
B,B*18:25,B*18:25
B,B*18:33,B*18:33
B,B*27:01,B*27:01
B,B*27:02,B*27:02:01:01
B,B*27:03,B*27:03:01:01
B,B*27:04,B*27:04:01:01
B,B*27:05,B*27:05:02:01
B,B*27:06,B*27:06:01:01
B,B*27:07,B*27:07:01:01
B,B*27:08,B*27:08
B,B*27:09,B*27:09
B,B*27:10,B*27:10
B,B*27:12,B*27:12:01:01
B,B*27:14,B*27:14
B,B*27:15,B*27:15
B,B*27:17,B*27:17
B,B*27:19,B*27:19:01:01
B,B*27:20,B*27:20
B,B*27:24,B*27:24
B,B*27:27,B*27:27
B,B*35:01,B*35:01:01:01
B,B*35:02,B*35:02:01:01
B,B*35:03,B*35:03:01:01
B,B*35:04,B*35:04:01:01
B,B*35:05,B*35:05:01:01
B,B*35:06,B*35:06
B,B*35:08,B*35:08:01:01
B,B*35:09,B*35:09:01:01
B,B*35:10,B*35:10
B,B*35:11,B*35:11:01
B,B*35:12,B*35:12:01:01
B,B*35:13,B*35:13:01
B,B*35:14,B*35:14:01
B,B*35:15,B*35:15:01
B,B*35:16,B*35:16
B,B*35:17,B*35:17:01:01
B,B*35:19,B*35:19
B,B*35:20,B*35:20:01
B,B*35:21,B*35:21
B,B*35:22,B*35:22:01:01
B,B*35:23,B*35:23
B,B*35:24,B*35:24:01
B,B*35:25,B*35:25
B,B*35:26,B*35:26
B,B*35:27,B*35:27
B,B*35:28,B*35:28:01:01
B,B*35:29,B*35:29:01
B,B*35:30,B*35:30:01:01
B,B*35:31,B*35:31:01:01
B,B*35:32,B*35:32:01:01
B,B*35:34,B*35:34
B,B*35:41,B*35:41
B,B*35:43,B*35:43:01:01
B,B*35:47,B*35:47
B,B*35:48,B*35:48
B,B*35:49,B*35:49:01
B,B*35:55,B*35:55
B,B*35:77,B*35:77
B,B*37:01,B*37:01:01:01
B,B*37:02,B*37:02
B,B*37:07,B*37:07
B,B*38:01,B*38:01:01:01
B,B*38:02,B*38:02:01:01
B,B*38:06,B*38:06
B,B*38:09,B*38:09
B,B*39:01,B*39:01:01:01
B,B*39:02,B*39:02:01:01
B,B*39:03,B*39:03:01:01
B,B*39:04,B*39:04
B,B*39:05,B*39:05:01:01
B,B*39:06,B*39:06:01:01
B,B*39:07,B*39:07
B,B*39:08,B*39:08
B,B*39:09,B*39:09:01:01
B,B*39:10,B*39:10:01:01
B,B*39:11,B*39:11
B,B*39:12,B*39:12:01:01
B,B*39:13,B*39:13:01
B,B*39:14,B*39:14:01:01
B,B*39:15,B*39:15
B,B*39:20,B*39:20
B,B*39:22,B*39:22
B,B*39:24,B*39:24:01:01
B,B*39:26,B*39:26
B,B*39:31,B*39:31:01:01
B,B*39:37,B*39:37:01:01
B,B*39:39,B*39:39:01
B,B*40:01,B*40:01:01
B,B*40:02,B*40:02:01:01
B,B*40:03,B*40:03:01:01
B,B*40:04,B*40:04:01:01
B,B*40:05,B*40:05:01:01
B,B*40:06,B*40:06:01:01
B,B*40:07,B*40:07
B,B*40:08,B*40:08:01:01
B,B*40:09,B*40:09
B,B*40:10,B*40:10:01:01
B,B*40:11,B*40:11:01:01
B,B*40:114,B*40:114:01:01
B,B*40:12,B*40:12:01
B,B*40:129,B*40:129
B,B*40:13,B*40:13
B,B*40:16,B*40:16:01:01
B,B*40:19,B*40:19
B,B*40:20,B*40:20:01:01
B,B*40:23,B*40:23
B,B*40:26,B*40:26
B,B*40:27,B*40:27:01
B,B*40:30,B*40:30
B,B*40:32,B*40:32
B,B*40:40,B*40:40
B,B*40:43,B*40:43
B,B*40:50,B*40:50:01:01
B,B*40:64,B*40:64:01:01
B,B*40:90,B*40:90
B,B*40:94,B*40:94
B,B*41:01,B*41:01:01:01
B,B*41:02,B*41:02:01:01
B,B*41:03,B*41:03:01
B,B*41:07,B*41:07
B,B*42:01,B*42:01:01:01
B,B*42:02,B*42:02:01:01
B,B*42:05,B*42:05:01
B,B*44:02,B*44:02:01:01
B,B*44:03,B*44:03:01:01
B,B*44:04,B*44:04
B,B*44:05,B*44:05:01:01
B,B*44:06,B*44:06
B,B*44:07,B*44:07
B,B*44:08,B*44:08
B,B*44:09,B*44:09
B,B*44:10,B*44:10
B,B*44:12,B*44:12
B,B*44:15,B*44:15:01:01
B,B*44:18,B*44:18:01:01
B,B*44:20,B*44:20
B,B*44:21,B*44:21
B,B*44:22,B*44:22
B,B*44:24,B*44:24
B,B*44:27,B*44:27:01:01
B,B*44:29,B*44:29
B,B*44:50,B*44:50:01
B,B*45:01,B*45:01:01:01
B,B*46:01,B*46:01:01:01
B,B*47:01,B*47:01:01:02
B,B*47:02,B*47:02
B,B*47:03,B*47:03
B,B*48:01,B*48:01:01:01
B,B*48:02,B*48:02:01
B,B*48:03,B*48:03:01:01
B,B*48:04,B*48:04:01:01
B,B*48:05,B*48:05:01
B,B*48:06,B*48:06
B,B*48:07,B*48:07
B,B*48:12,B*48:12
B,B*48:13,B*48:13
B,B*49:01,B*49:01:01:01
B,B*50:01,B*50:01:01:01
B,B*50:02,B*50:02:01:01
B,B*50:04,B*50:04:01
B,B*51:01,B*51:01:01:01
B,B*51:02,B*51:02:01:01
B,B*51:03,B*51:03
B,B*51:04,B*51:04:01
B,B*51:05,B*51:05:01:01
B,B*51:06,B*51:06:01:01
B,B*51:07,B*51:07:01
B,B*51:08,B*51:08:01:01
B,B*51:09,B*51:09:01
B,B*51:10,B*51:10
B,B*51:13,B*51:13:01
B,B*51:14,B*51:14
B,B*51:17,B*51:17:01
B,B*51:19,B*51:19
B,B*51:21,B*51:21
B,B*51:22,B*51:22
B,B*51:23,B*51:23
B,B*51:29,B*51:29
B,B*51:34,B*51:34
B,B*51:40,B*51:40:01
B,B*51:43,B*51:43
B,B*51:50,B*51:50
B,B*52:01,B*52:01:01:01
B,B*52:02,B*52:02:01
B,B*52:03,B*52:03
B,B*52:04,B*52:04
B,B*52:21,B*52:21:01
B,B*53:01,B*53:01:01:01
B,B*53:05,B*53:05:01
B,B*53:06,B*53:06
B,B*54:01,B*54:01:01:01
B,B*55:01,B*55:01:01:01
B,B*55:02,B*55:02:01:01
B,B*55:04,B*55:04
B,B*55:07,B*55:07
B,B*55:12,B*55:12
B,B*56:01,B*56:01:01:01
B,B*56:02,B*56:02:01:01
B,B*56:03,B*56:03
B,B*56:04,B*56:04:01:01
B,B*56:10,B*56:10
B,B*56:15,B*56:15
B,B*57:01,B*57:01:01:01
B,B*57:02,B*57:02:01:01
B,B*57:03,B*57:03:01:01
B,B*57:04,B*57:04:01
B,B*57:05,B*57:05
B,B*58:01,B*58:01:01:01
B,B*58:02,B*58:02:01:01
B,B*58:04,B*58:04
B,B*59:01,B*59:01:01:01
B,B*67:01,B*67:01:01
B,B*67:02,B*67:02:01:01
B,B*73:01,B*73:01:01:01
B,B*78:01,B*78:01:01:02
B,B*78:02,B*78:02:01
B,B*78:04,B*78:04
B,B*81:01,B*81:01:01:01
B,B*81:02,B*81:02:01
B,B*82:01,B*82:01:01:01
B,B*82:02,B*82:02:01:01
C,C*01:02,C*01:02:01:01
C,C*01:03,C*01:03:01
C,C*01:06,C*01:06
C,C*01:07,C*01:07:02
C,C*01:08,C*01:08
C,C*01:10,C*01:10
C,C*01:17,C*01:17
C,C*01:27,C*01:27
C,C*02:02,C*02:02:01
C,C*02:04,C*02:04
C,C*02:06,C*02:06:01
C,C*02:07,C*02:07
C,C*02:08,C*02:08:01:01
C,C*02:10,C*02:10:01:01
C,C*02:14,C*02:14:01
C,C*03:02,C*03:02:01
C,C*03:03,C*03:03:01:01
C,C*03:04,C*03:04:01:01
C,C*03:05,C*03:05:01:01
C,C*03:06,C*03:06:01:01
C,C*03:07,C*03:07:01:01
C,C*03:08,C*03:08
C,C*03:09,C*03:09:01
C,C*03:10,C*03:10:01
C,C*03:14,C*03:14
C,C*03:16,C*03:16
C,C*03:17,C*03:17:01
C,C*03:19,C*03:19
C,C*03:35,C*03:35:01
C,C*03:36,C*03:36
C,C*03:40,C*03:40:01
C,C*03:88,C*03:88
C,C*04:01,C*04:01:01:01
C,C*04:03,C*04:03:01:01
C,C*04:04,C*04:04:01:01
C,C*04:05,C*04:05
C,C*04:06,C*04:06:01
C,C*04:07,C*04:07:01
C,C*04:08,C*04:08
C,C*04:10,C*04:10
C,C*04:13,C*04:13:01:01
C,C*04:19,C*04:19
C,C*04:27,C*04:27
C,C*04:82,C*04:82:01
C,C*05:01,C*05:01:01:01
C,C*05:04,C*05:04:01
C,C*05:05,C*05:05:01
C,C*05:08,C*05:08
C,C*05:09,C*05:09:01
C,C*05:10,C*05:10
C,C*05:14,C*05:14
C,C*06:02,C*06:02:01:01
C,C*06:04,C*06:04:01
C,C*06:06,C*06:06:01:01
C,C*06:07,C*06:07
C,C*06:08,C*06:08
C,C*06:09,C*06:09:01
C,C*06:27,C*06:27
C,C*07:01,C*07:01:01:01
C,C*07:02,C*07:02:01:01
C,C*07:04,C*07:04:01:01
C,C*07:05,C*07:05
C,C*07:06,C*07:06:01:01
C,C*07:07,C*07:07
C,C*07:10,C*07:10
C,C*07:12,C*07:12
C,C*07:13,C*07:13:01:01
C,C*07:17,C*07:17:01:01
C,C*07:18,C*07:18:01:01
C,C*07:19,C*07:19
C,C*07:21,C*07:21
C,C*07:22,C*07:22
C,C*07:24,C*07:24:01
C,C*07:25,C*07:25
C,C*07:26,C*07:26:01:01
C,C*07:27,C*07:27:01
C,C*07:29,C*07:29:01:01
C,C*07:35,C*07:35
C,C*07:40,C*07:40
C,C*07:43,C*07:43:01
C,C*07:46,C*07:46
C,C*07:56,C*07:56:02
C,C*07:60,C*07:60
C,C*07:66,C*07:66
C,C*07:67,C*07:67
C,C*07:72,C*07:72
C,C*08:01,C*08:01:01:01
C,C*08:02,C*08:02:01:01
C,C*08:03,C*08:03:01:01
C,C*08:04,C*08:04:01:01
C,C*08:05,C*08:05
C,C*08:06,C*08:06
C,C*08:10,C*08:10
C,C*08:12,C*08:12:01:01
C,C*08:13,C*08:13
C,C*08:22,C*08:22:01:01
C,C*12:02,C*12:02:01
C,C*12:03,C*12:03:01:01
C,C*12:04,C*12:04:01
C,C*12:05,C*12:05:01
C,C*12:09,C*12:09
C,C*12:12,C*12:12
C,C*12:13,C*12:13:01:01
C,C*12:16,C*12:16:01
C,C*14:02,C*14:02:01:01
C,C*14:03,C*14:03:01:01
C,C*14:04,C*14:04
C,C*14:05,C*14:05
C,C*14:11,C*14:11
C,C*15:02,C*15:02:01:01
C,C*15:03,C*15:03
C,C*15:04,C*15:04:01:01
C,C*15:05,C*15:05:01:01
C,C*15:06,C*15:06:01:01
C,C*15:07,C*15:07:01:01
C,C*15:08,C*15:08:01
C,C*15:09,C*15:09:01:01
C,C*15:11,C*15:11
C,C*15:13,C*15:13:01:01
C,C*15:22,C*15:22
C,C*16:01,C*16:01:01:01
C,C*16:02,C*16:02:01:01
C,C*16:04,C*16:04:01:01
C,C*17:01,C*17:01:01:02
C,C*17:03,C*17:03:01:01
C,C*18:01,C*18:01:01:01
C,C*18:02,C*18:02:01:01
