allele,locus,n_lost,n_retained,n_total,frac_lost,p,fdr,allele_2field,divergence,profile,afnd_freq,afnd_freq_f,log_freq
B*15:10,B,15,23,38,0.3947368421052631,0.2558750795433298,0.7765611272582152,B*15:10,14,RNQITNTEREALEW,0.0004,0.0004,-3.3979400086720375
A*02:06,A,31,43,74,0.4189189189189189,0.2006782031293856,0.7120839465881428,A*02:06,15,GERKAHTVHVATEW,0.0018,0.0018,-2.744727494896694
B*35:02,B,94,129,223,0.42152466367713,0.022584267057569,0.2727537152219809,B*35:02,22,RNQITNTERVALEW,0.0102,0.0102,-1.9913998282380825
B*08:01,B,320,424,744,0.4301075268817204,0.00015569188281,0.0085630535545534,B*08:01,12,RNQITNTERVATEW,0.1144,0.1144,-0.9415739755429946
B*38:02,B,13,17,30,0.4333333333333333,0.5846647117286922,0.9365991642655004,B*38:02,21,RNQITNTERVTTEW,3.78e-05,3.78e-05,-4.422508200162775
B*40:02,B,56,72,128,0.4375,0.184682627059663,0.7059303451253635,B*40:02,17,REQITNTERVAEEW,0.0126,0.0126,-1.899629454882437
B*13:01,B,14,18,32,0.4375,0.5966148958541453,0.9365991642655004,B*13:01,30,REQITNTERVAEEW,9.61e-05,9.61e-05,-4.017276612331455
B*07:02,B,371,474,845,0.4390532544378698,0.0004433411472563,0.0162558420660678,B*07:02,0,RNQIAQTEREAEEW,0.1306,0.1306,-0.8840568230609449
B*55:02,B,16,20,36,0.4444444444444444,0.617719317029696,0.9365991642655004,B*55:02,15,RNQIAQTERVATEW,3.42e-05,3.42e-05,-4.465973893943865
A*02:03,A,12,15,27,0.4444444444444444,0.7011080384254456,0.9405107832536465,A*02:03,15,GERKAHTVHEATEW,1.93e-05,1.93e-05,-4.714442690992226
B*07:05,B,41,51,92,0.4456521739130434,0.3481412903192068,0.8947649116634316,B*07:05,1,RNQIAQTEREAEEW,0.003,0.003,-2.5228787452803374
C*15:02,C,109,135,244,0.4467213114754098,0.1093071160997953,0.556795458848281,C*15:02,15,REQNRQTVREATEW,0.0223,0.0223,-1.6516951369518393
A*24:03,A,22,27,49,0.4489795918367347,0.5681724128491652,0.9365991642655004,A*24:03,21,EEGKAHTEHVATEW,0.0019,0.0019,-2.721246399047171
B*14:02,B,218,265,483,0.4513457556935817,0.0362335546695192,0.3065916164343938,B*14:02,16,RNQITNTEREATEW,0.0286,0.0286,-1.5436339668709569
B*39:01,B,55,66,121,0.4545454545454545,0.3633632605480972,0.8947649116634316,B*39:01,15,RNQITNTERVTTEW,0.0112,0.0112,-1.9507819773298183
B*45:01,B,36,43,79,0.4556962025316455,0.499896876860327,0.9365991642655004,B*45:01,27,REQITNTERVALES,0.0059,0.0059,-2.2291479883578558
A*01:01,A,636,748,1384,0.4595375722543353,0.0028346576454324,0.062362468199513,A*01:01,15,QERNAHTAHAVRDG,0.1646,0.1646,-0.783570169123749
A*02:07,A,23,27,50,0.46,0.6718110337653656,0.9405107832536465,A*02:07,15,GERKAHTVHVATEW,3.92e-05,3.92e-05,-4.406713932979542
A*02:05,A,82,95,177,0.4632768361581921,0.367113844798025,0.8947649116634316,A*02:05,17,GERKAHTVHVATEW,0.0097,0.0097,-2.0132282657337552
C*05:01,C,265,307,572,0.4632867132867133,0.0863854282106497,0.556795458848281,C*05:01,15,REQKRQTVREATEW,0.0939,0.0939,-1.027334407733889
A*02:02,A,32,37,69,0.463768115942029,0.6304564917867981,0.9365991642655004,A*02:02,16,GERKAHTVHVATEW,0.0009,0.0009,-3.0457574905606752
B*41:02,B,32,37,69,0.463768115942029,0.6304564917867981,0.9365991642655004,B*41:02,18,REQITNTERVATEW,0.005,0.005,-2.3010299956639813
B*42:01,B,26,30,56,0.4642857142857143,0.6888797607233395,0.9405107832536465,B*42:01,5,RNQIAQTERVATEW,0.0003,0.0003,-3.5228787452803374
B*41:01,B,47,54,101,0.4653465346534653,0.5507089135982716,0.9365991642655004,B*41:01,20,REQITNTERVATEW,0.0043,0.0043,-2.3665315444204134
C*12:03,C,339,384,723,0.4688796680497925,0.1016943858822069,0.556795458848281,C*12:03,8,REQKRQAVREATEW,0.0486,0.0486,-1.3133637307377066
C*12:02,C,93,105,198,0.4696969696969697,0.4344463798742264,0.919021188195479,C*12:02,7,REQKRQAVREATEW,0.0087,0.0087,-2.0604807473813813
B*38:01,B,174,194,368,0.4728260869565217,0.3219598834387397,0.8692913660893171,B*38:01,21,RNQITNTERVTTEW,0.0209,0.0209,-1.679853713888946
A*02:01,A,1010,1113,2123,0.4757418747056052,0.0268238359089508,0.2727537152219809,A*02:01,14,GERKAHTVHVATEW,0.2755,0.2755,-0.5598783968121961
B*35:03,B,81,89,170,0.4764705882352941,0.5914845888899743,0.9365991642655004,B*35:03,21,RNQITNTERVALEW,0.0162,0.0162,-1.790484985457369
B*55:01,B,84,91,175,0.48,0.6502722402634356,0.9382134779114024,B*55:01,14,RNQIAQTEREATEW,0.0186,0.0186,-1.7304870557820837
B*40:01,B,158,170,328,0.4817073170731707,0.5436682144932864,0.9365991642655004,B*40:01,19,REQITNTERVAEEW,0.0528,0.0528,-1.2773660774661877
C*07:02,C,473,507,980,0.4826530612244898,0.291811414646346,0.8230578361820016,C*07:02,0,REQKRQAVRAATEW,0.1413,0.1413,-0.8498578381514413
B*58:02,B,14,15,29,0.4827586206896552,1.0,1.0,B*58:02,26,GERNASTERVALEW,0.0001,0.0001,-4.0
A*30:01,A,140,149,289,0.4844290657439446,0.638010758293051,0.9365991642655004,A*30:01,9,QERNAQTVRWATEW,0.013,0.013,-1.8860566476931633
A*11:01,A,393,418,811,0.4845869297163995,0.3993801689797635,0.8965677262811018,A*11:01,7,QERNAQTVHAAREW,0.0609,0.0609,-1.2153827073671246
A*69:01,A,20,21,41,0.4878048780487805,1.0,1.0,A*69:01,13,RNRNAQTVHVATEW,0.0014,0.0014,-2.853871964321762
C*01:02,C,200,210,410,0.4878048780487805,0.6567494345379817,0.9382134779114024,C*01:02,11,REQKRQTVREATEW,0.0341,0.0341,-1.4672456210075022
C*07:01,C,589,618,1207,0.487986743993372,0.4202869249812569,0.9065012107438876,C*07:01,2,REQNRQAVRAATEW,0.16,0.16,-0.7958800173440752
C*03:03,C,201,209,410,0.4902439024390244,0.7296108433491959,0.9616383765867038,C*03:03,16,REQKRQTVREALEW,0.0534,0.0534,-1.2724587429714436
A*74:01,A,31,32,63,0.492063492063492,1.0,1.0,A*74:01,9,QERNAHTVRVATEW,0.0004,0.0004,-3.3979400086720375
B*15:03,B,38,39,77,0.4935064935064935,1.0,1.0,B*15:03,16,REQITNTEREALEW,0.0014,0.0014,-2.853871964321762
B*52:01,B,95,97,192,0.4947916666666667,0.9424925696532236,1.0,B*52:01,25,REQITNTEREALEW,0.0089,0.0089,-2.050609993355087
B*37:01,B,64,65,129,0.4961240310077519,1.0,1.0,B*37:01,25,REQITNTERVATEW,0.0144,0.0144,-1.8416375079047504
A*24:02,A,560,561,1121,0.4995539696699375,1.0,1.0,A*24:02,23,EEGKAHTEHVATDG,0.0846,0.0846,-1.0726296369609765
B*14:01,B,35,35,70,0.5,1.0,1.0,B*14:01,15,RNQITNTEREATEW,0.0102,0.0102,-1.9913998282380825
B*56:01,B,13,13,26,0.5,1.0,1.0,B*56:01,15,RNQIAQTERVALEW,0.0064,0.0064,-2.193820026016113
B*57:03,B,24,24,48,0.5,1.0,1.0,B*57:03,28,GERNASTERVALEW,0.0007,0.0007,-3.154901959985743
B*48:01,B,15,15,30,0.5,1.0,1.0,B*48:01,11,REQITNTERVAEEW,0.0007,0.0007,-3.154901959985743
B*15:02,B,17,17,34,0.5,1.0,1.0,B*15:02,21,RNQITNTEREALEW,4.1e-05,4.1e-05,-4.3872161432802645
C*08:02,C,271,270,541,0.5009242144177449,1.0,1.0,C*08:02,13,REQKRQTVREATEW,0.0385,0.0385,-1.4145392704914994
A*23:01,A,173,172,345,0.5014492753623189,1.0,1.0,A*23:01,24,EEGKAHTERVATDG,0.0197,0.0197,-1.705533773838407
C*06:02,C,492,488,980,0.5020408163265306,0.9236608333230152,1.0,C*06:02,7,REQKRQAVREATEW,0.0932,0.0932,-1.0305840876460186
A*33:01,A,97,96,193,0.5025906735751295,1.0,1.0,A*33:01,12,RNRNAHIVRVATEW,0.0081,0.0081,-2.0915149811213505
A*32:01,A,216,213,429,0.5034965034965035,0.9230899076571998,1.0,A*32:01,16,QERNAHTERVATEW,0.0355,0.0355,-1.449771646944906
C*03:02,C,54,53,107,0.5046728971962616,1.0,1.0,C*03:02,13,REQKRQTVREALEW,0.0022,0.0022,-2.657577319177794
A*03:02,A,38,37,75,0.5066666666666667,1.0,1.0,A*03:02,2,QERNAQTVHVATEW,0.0024,0.0024,-2.619788758288394
C*04:01,C,759,737,1496,0.5073529411764706,0.587184391704636,0.9365991642655004,C*04:01,14,REQKRQAVREATEW,0.1059,0.1059,-0.975104039892515
A*68:02,A,98,95,193,0.5077720207253886,0.8855779994131151,1.0,A*68:02,14,RNRNAQTVHVATEW,0.0084,0.0084,-2.0757207139381184
A*29:02,A,190,183,373,0.5093833780160858,0.7561007380825806,0.978483308106869,A*29:02,10,LQRNAQTARVATEW,0.0353,0.0353,-1.4522252946121774
B*44:03,B,214,202,416,0.5144230769230769,0.5897196217503964,0.9365991642655004,B*44:03,30,REQITNTERVALES,0.0467,0.0467,-1.330683119433888
B*27:05,B,115,107,222,0.5180180180180181,0.638590339271932,0.9365991642655004,B*27:05,20,REQIAKTERVAEEW,0.0373,0.0373,-1.4282911681913124
B*15:17,B,40,37,77,0.5194805194805194,0.8198929037490488,1.0,B*15:17,26,RERNASTEREALEW,0.0036,0.0036,-2.4436974992327127
C*17:01,C,120,111,231,0.5194805194805194,0.598733359610764,0.9365991642655004,C*17:01,14,REQKRQAVREAEEW,0.0088,0.0088,-2.0555173278498313
B*35:01,B,247,228,475,0.52,0.4088891026870755,0.8995560259115661,B*35:01,21,RNQITNTERVALEW,0.056,0.056,-1.2518119729937995
C*07:04,C,76,70,146,0.5205479452054794,0.6791635203785477,0.9405107832536465,C*07:04,5,REQKRQAVRAATEW,0.0154,0.0154,-1.812479279163537
B*54:01,B,12,11,23,0.5217391304347826,1.0,1.0,B*54:01,17,RNQIAQTERVATEW,3.82e-05,3.82e-05,-4.4179366370882915
C*14:02,C,96,88,184,0.5217391304347826,0.6059427533583801,0.9365991642655004,C*14:02,10,REQKRQTVREATEW,0.0127,0.0127,-1.8961962790440432
A*26:01,A,372,341,713,0.5217391304347826,0.2612069246232179,0.7765611272582152,A*26:01,15,RNRNAHTAHEAREW,0.0309,0.0309,-1.5100415205751654
A*03:01,A,670,612,1282,0.5226209048361935,0.1113590917696562,0.556795458848281,A*03:01,0,QERNAQTVHEATEW,0.1399,0.1399,-0.8541822855081724
A*29:01,A,54,49,103,0.5242718446601942,0.6936859650244835,0.9405107832536465,A*29:01,11,LQRNAQTARVATEW,0.0027,0.0027,-2.5686362358410126
C*02:10,C,41,37,78,0.5256410256410257,0.7343420330298466,0.9616383765867038,C*02:10,13,REQKRQTVREAEEW,,9.65e-06,-5.015472686656207
B*44:02,B,257,231,488,0.5266393442622951,0.2577392897667743,0.7765611272582152,B*44:02,30,REQITNTERVALES,0.0952,0.0952,-1.0213630516155257
C*02:02,C,206,182,388,0.5309278350515464,0.2429122511399082,0.7765611272582152,C*02:02,13,REQKRQTVREAEEW,0.0435,0.0435,-1.3615107430453628
B*44:05,B,17,15,32,0.53125,0.860050065908581,1.0,B*44:05,29,REQITNTERVALES,0.0029,0.0029,-2.537602002101044
C*03:04,C,272,240,512,0.53125,0.170619899292842,0.7059303451253635,C*03:04,15,REQKRQTVREALEW,0.0749,0.0749,-1.1255181823005336
A*30:04,A,25,22,47,0.5319148936170213,0.7708669945730263,0.9859926674771268,A*30:04,12,QERNAHTEHVATEW,0.0015,0.0015,-2.8239087409443187
B*50:01,B,73,64,137,0.5328467153284672,0.4944424524331344,0.9365991642655004,B*50:01,25,REQITNTEREALEW,0.0105,0.0105,-1.978810700930062
B*18:01,B,293,256,549,0.5336976320582878,0.1243521172915363,0.594727517481261,B*18:01,18,RNQITNTERVATEW,0.0443,0.0443,-1.3535962737769305
B*57:01,B,174,152,326,0.5337423312883436,0.2447539173777111,0.7765611272582152,B*57:01,28,GERNASTERVALEW,0.0365,0.0365,-1.4377071355435254
B*13:02,B,152,129,281,0.5409252669039146,0.1892874028968414,0.7059303451253635,B*13:02,29,REQITNTERVAEEW,0.0239,0.0239,-1.6216020990518623
B*53:01,B,59,50,109,0.5412844036697247,0.4436695012023486,0.9194794733995152,B*53:01,26,RNQITNTERVALEW,0.0034,0.0034,-2.468521082957745
A*33:03,A,116,98,214,0.5420560747663551,0.2451329705669599,0.7765611272582152,A*33:03,11,RNRNAHIVRVATEW,0.0032,0.0032,-2.494850021680094
B*15:01,B,203,170,373,0.5442359249329759,0.0974095631928276,0.556795458848281,B*15:01,19,REQITNTEREALEW,0.0606,0.0606,-1.2175273758337137
C*15:05,C,61,51,112,0.5446428571428571,0.395193357357823,0.8965677262811018,C*15:05,15,REQNRQTVREATEW,0.0035,0.0035,-2.4559319556497243
C*16:01,C,186,155,341,0.5454545454545454,0.1041109112608868,0.556795458848281,C*16:01,8,REQKRQTVRAATEW,0.0338,0.0338,-1.4710832997223453
C*08:03,C,12,10,22,0.5454545454545454,0.8318119049072266,1.0,C*08:03,12,REQKRQTVRTATEW,0.0004,0.0004,-3.3979400086720375
C*07:06,C,82,68,150,0.5466666666666666,0.2884557489907642,0.8230578361820016,C*07:06,2,REQNRQAVRAATEW,,9.65e-06,-5.015472686656207
B*40:06,B,28,23,51,0.5490196078431373,0.5758493477318467,0.9365991642655004,B*40:06,19,REQITNTERVAEEW,0.0003,0.0003,-3.5228787452803374
B*39:06,B,22,18,40,0.55,0.6358280026288412,0.9365991642655004,B*39:06,16,RNQITNTERVTTEW,0.0064,0.0064,-2.193820026016113
A*30:02,A,116,94,210,0.5523809523809524,0.1471228636074359,0.6743131248674149,A*30:02,12,QERNAHTERRATEW,0.009,0.009,-2.0457574905606752
C*18:01,C,21,17,38,0.5526315789473685,0.6271025701571489,0.9365991642655004,C*18:01,8,REQKRQAVREATEW,0.0003,0.0003,-3.5228787452803374
C*08:01,C,45,36,81,0.5555555555555556,0.3741744176047077,0.8947649116634316,C*08:01,11,REQKRQTVRTATEW,0.0004,0.0004,-3.3979400086720375
A*68:01,A,225,172,397,0.5667506297229219,0.0089749323540826,0.1645404264915145,A*68:01,10,RNRNAQTVHVATEW,0.0319,0.0319,-1.496209316942819
A*31:01,A,156,119,275,0.5672727272727273,0.0297549507514888,0.2727537152219809,A*31:01,10,QERNAHIVRVATEW,0.027,0.027,-1.5686362358410126
A*34:02,A,25,19,44,0.5681818181818182,0.4513808323961257,0.9194794733995152,A*34:02,7,RNRNAQTVHEATEW,0.0009,0.0009,-3.0457574905606752
B*35:08,B,33,25,58,0.5689655172413793,0.358143301806138,0.8947649116634316,B*35:08,20,RNQITNTERVALEW,0.0043,0.0043,-2.3665315444204134
B*51:01,B,251,186,437,0.5743707093821511,0.0021660898215934,0.0595674700938188,B*51:01,24,RNQITNTEREALEW,0.0473,0.0473,-1.3251388592621884
B*49:01,B,134,98,232,0.5775862068965517,0.0213678069018498,0.2727537152219809,B*49:01,30,REQITNTEREALEW,0.0158,0.0158,-1.8013429130455774
B*15:16,B,18,13,31,0.5806451612903226,0.4731296598911285,0.9365991642655004,B*15:16,27,RERNASTEREALEW,0.0006,0.0006,-3.2218487496163566
B*27:02,B,40,28,68,0.5882352941176471,0.1818100545355934,0.7059303451253635,B*27:02,21,REQIAKTERVAEEW,0.0039,0.0039,-2.408935392973501
C*16:02,C,35,24,59,0.5932203389830508,0.1925264577614627,0.7059303451253635,C*16:02,10,REQKRQTVRAATEW,0.0027,0.0027,-2.5686362358410126
B*15:18,B,22,15,37,0.5945945945945946,0.3240086000878364,0.8692913660893171,B*15:18,15,RNQITNTEREALEW,0.0026,0.0026,-2.5850266520291822
A*66:01,A,48,30,78,0.6153846153846154,0.0535443921685022,0.4207059384668035,A*66:01,12,RNRNAQTVHEAREW,0.0041,0.0041,-2.3872161432802645
B*81:01,B,13,8,21,0.6190476190476191,0.383310317993164,0.8965677262811018,B*81:01,5,RNQIAQTERVAEEW,7.56e-05,7.56e-05,-4.121478204498794
B*58:01,B,109,55,164,0.6646341463414634,2.9946595084083455e-05,0.0032941254592491,B*58:01,28,GERNASTERVALEW,0.0073,0.0073,-2.136677139879544
B*67:01,B,14,7,21,0.6666666666666666,0.1892471313476562,0.7059303451253635,B*67:01,11,RNQIAQTERVTTEW,6.52e-05,6.52e-05,-4.185752404268079
C*16:04,C,19,9,28,0.6785714285714286,0.087158553302288,0.556795458848281,C*16:04,8,REQKRQTVRAATEW,0.0006,0.0006,-3.2218487496163566
B*46:01,B,33,15,48,0.6875,0.013283281562245,0.2087372816924216,B*46:01,17,REQKRQTVREALEW,7.52e-05,7.52e-05,-4.123782159408358
C*04:03,C,17,7,24,0.7083333333333334,0.0639146566390991,0.4687074820200602,C*04:03,13,REQKRQAVREATEW,7.48e-05,7.48e-05,-4.126098402135539
A*36:01,A,22,9,31,0.7096774193548387,0.0294493734836578,0.2727537152219809,A*36:01,12,QERNAHTAHAVTEW,0.0001,0.0001,-4.0
